,Hours_Studied,Exam_Score
0,23,67
1,19,61
2,24,74
3,29,71
4,19,70
5,19,71
6,29,67
7,25,66
8,17,69
9,23,72
10,17,68
11,17,71
12,21,70
13,9,66
14,10,65
15,17,64
16,14,60
17,22,65
18,15,67
19,12,66
20,29,69
21,19,72
22,20,66
23,11,66
24,17,63
25,21,64
26,13,65
27,22,71
28,16,66
29,18,64
30,16,63
31,31,69
32,20,67
34,25,68
35,13,61
36,21,64
37,8,67
38,12,63
39,21,64
40,24,67
41,21,65
42,19,64
43,18,70
44,11,68
45,16,65
46,17,68
47,26,64
48,22,68
49,9,63
50,22,64
51,18,64
52,16,67
53,24,67
54,26,66
55,26,72
56,15,65
57,18,71
58,22,66
59,26,68
60,17,70
61,19,62
62,13,68
63,13,67
64,25,71
65,28,68
66,20,69
67,26,70
68,22,69
69,16,65
70,22,70
71,29,71
72,20,65
73,29,72
74,4,69
75,25,66
76,21,68
77,18,65
78,21,64
79,8,60
80,19,65
81,22,66
82,29,74
83,17,62
84,15,70
85,17,69
86,25,67
87,22,64
88,17,71
89,23,68
90,21,64
91,26,63
92,16,71
93,18,69
94,18,100
95,11,68
96,22,62
97,22,68
98,20,66
99,19,64
100,12,67
101,17,65
102,18,65
103,15,69
104,19,63
105,22,72
106,31,76
107,21,69
108,22,67
109,20,69
110,8,63
111,20,67
112,20,66
113,35,79
114,19,64
115,22,73
116,20,63
117,13,65
118,27,73
119,25,70
120,25,68
121,15,65
122,28,71
123,12,64
124,24,68
125,33,69
126,14,69
128,21,67
129,17,68
130,11,64
131,20,66
132,14,63
133,23,66
134,14,66
135,29,67
136,15,65
137,18,68
138,25,68
139,13,65
140,21,71
141,28,65
142,10,64
143,21,72
144,22,65
145,25,66
146,13,61
147,12,68
148,23,69
149,22,72
150,22,71
151,22,70
152,16,68
153,21,67
154,22,68
155,16,68
156,31,72
157,23,65
158,13,66
159,24,65
160,14,67
161,25,66
162,27,69
163,15,66
164,26,69
165,22,67
166,25,66
167,31,71
168,19,70
169,15,71
170,15,66
171,15,67
172,20,66
173,22,72
174,22,68
175,25,69
176,20,71
177,29,70
178,18,67
179,36,69
180,24,65
181,15,65
182,14,64
183,23,63
184,19,69
185,24,64
186,23,72
187,20,63
188,15,64
189,11,64
190,17,67
191,25,71
192,21,70
193,13,61
194,21,67
195,22,72
196,15,66
197,21,70
198,20,67
199,13,67
200,22,71
201,23,66
202,26,68
203,26,74
204,12,64
205,14,65
206,23,66
207,23,66
208,23,68
209,43,78
210,23,67
211,27,74
212,26,74
213,24,62
214,18,66
215,25,69
216,15,68
217,19,89
218,17,66
219,20,68
220,34,69
221,9,67
222,24,75
223,10,60
224,17,66
225,27,73
226,20,68
227,14,62
228,16,62
229,24,65
230,16,69
231,21,64
232,20,67
233,16,70
234,33,70
235,24,69
236,8,61
237,21,69
238,16,63
239,25,67
241,19,66
242,23,63
243,25,68
244,13,65
245,18,67
246,17,68
247,16,64
248,31,71
249,22,69
250,12,67
251,26,65
252,33,68
253,26,67
254,11,67
255,17,66
256,28,70
257,16,65
258,23,69
259,25,65
260,14,63
261,20,67
262,1,61
263,14,65
264,18,66
265,13,66
266,30,69
267,11,63
268,17,65
269,21,67
270,29,69
271,11,65
272,27,65
273,20,65
274,14,67
276,21,72
277,16,66
278,20,65
279,18,69
280,21,68
281,24,64
282,30,69
283,13,59
284,33,68
285,8,60
286,19,62
287,24,67
288,22,68
289,16,64
290,19,65
291,17,65
292,16,63
293,25,70
294,22,66
295,16,68
296,25,66
297,22,63
298,25,66
299,24,65
300,15,66
301,17,67
302,24,66
303,24,63
304,20,66
305,21,67
306,28,71
307,16,67
308,23,69
309,19,67
310,19,72
311,27,70
312,25,67
313,25,64
314,28,67
315,20,69
317,18,63
318,22,68
319,19,70
320,21,66
321,24,68
322,15,67
323,33,69
324,14,66
325,13,68
326,27,69
327,25,70
328,24,74
329,24,70
330,20,66
331,15,69
332,20,64
333,16,62
334,26,70
335,19,68
336,15,65
337,18,65
338,22,71
339,17,66
340,15,61
341,21,67
342,21,65
343,17,65
344,17,65
345,21,73
346,11,62
347,12,60
348,16,61
349,19,67
350,22,70
351,29,69
352,25,66
353,19,64
354,20,68
355,14,67
356,20,64
357,18,65
358,22,66
360,23,68
361,29,66
362,19,63
363,22,63
364,24,74
365,18,70
366,21,68
367,20,66
368,21,63
369,15,67
370,20,62
371,23,71
372,29,72
373,26,72
374,33,68
375,15,66
376,25,70
377,21,66
378,33,72
379,15,64
381,16,61
382,7,62
383,17,68
384,15,68
385,21,63
386,22,70
387,31,68
388,26,72
389,17,67
390,15,61
391,23,69
392,12,61
393,31,75
394,27,68
395,17,65
397,28,75
398,19,64
399,27,70
400,10,67
401,16,63
403,20,67
404,17,86
405,24,67
406,14,63
407,19,66
409,23,67
410,24,69
411,13,66
412,11,64
413,28,73
414,22,66
415,16,68
416,29,70
418,27,67
419,20,62
420,32,68
421,31,72
422,19,69
423,26,66
424,24,70
425,28,71
426,14,65
427,24,70
428,26,65
429,9,62
430,13,62
431,8,70
432,18,66
433,24,67
434,29,72
435,20,66
436,30,68
437,12,62
438,10,64
439,20,65
440,22,66
441,20,64
442,8,67
443,19,69
444,12,68
445,24,64
446,22,68
447,14,64
448,17,71
449,14,61
450,20,68
452,14,64
453,23,72
454,17,65
455,15,68
456,19,71
458,17,66
459,13,63
460,32,74
461,20,66
462,16,63
463,21,72
464,19,69
465,19,67
466,24,66
467,25,64
468,17,67
469,17,69
471,6,64
472,11,65
473,28,72
474,30,66
475,19,66
476,23,67
477,22,69
478,38,73
479,27,69
480,19,68
481,14,61
482,10,63
483,21,63
484,15,68
485,11,63
486,16,66
487,14,65
488,30,68
489,25,66
490,20,66
491,29,70
492,20,61
493,15,61
494,29,71
495,23,67
496,14,70
497,19,69
498,15,65
499,12,61
500,26,68
501,31,74
502,12,67
503,23,70
504,16,59
505,17,64
506,16,66
507,15,63
508,20,61
509,15,68
510,22,65
511,20,69
512,19,68
513,15,69
514,17,67
515,25,70
516,23,68
517,14,67
518,21,67
519,25,75
520,10,63
521,23,70
522,16,70
523,23,64
524,15,59
525,9,63
526,10,67
527,20,68
528,22,68
529,15,97
530,24,66
531,10,61
532,20,70
533,13,65
534,16,64
535,20,69
536,15,64
537,18,61
538,26,64
539,17,68
540,25,67
541,13,62
542,23,66
543,29,72
544,5,68
545,15,71
546,23,65
547,19,68
548,22,65
549,16,64
550,21,65
551,19,65
552,27,73
553,22,72
554,22,64
555,18,69
556,17,69
557,17,70
558,22,83
559,17,68
560,22,84
561,32,75
562,25,67
563,18,69
564,27,71
565,18,66
566,8,65
567,14,70
568,9,66
569,18,74
571,30,68
572,22,68
573,19,62
574,25,71
575,7,63
576,21,69
577,25,71
578,11,66
579,27,64
580,22,65
581,18,69
582,24,66
583,34,67
584,21,65
585,21,65
586,17,67
587,15,66
588,25,69
590,20,70
591,17,68
594,26,68
595,17,70
596,18,67
597,14,72
598,17,69
599,22,69
600,25,64
601,14,63
602,25,70
603,28,70
604,22,66
605,31,70
606,15,66
607,13,68
608,9,61
609,29,72
610,24,69
612,22,72
613,13,65
614,35,74
615,21,62
616,21,65
617,24,68
619,21,71
620,15,62
621,23,65
622,31,68
623,28,70
625,17,63
626,14,63
627,19,69
628,20,66
629,27,70
630,10,63
631,29,72
632,19,65
633,17,67
634,14,63
635,10,65
636,25,67
637,20,80
638,12,68
639,12,63
640,18,64
641,30,73
642,18,66
643,11,66
644,19,66
645,18,69
646,4,59
647,20,68
648,19,67
649,24,64
650,31,65
651,27,68
652,18,70
653,13,62
654,35,72
655,20,62
656,20,68
657,20,69
658,21,73
659,19,69
660,17,67
661,17,65
662,20,63
663,17,66
664,16,66
665,21,70
666,18,69
667,29,70
668,4,58
669,27,67
671,8,66
672,18,70
673,18,67
674,12,60
675,15,65
676,13,63
677,31,72
678,26,62
679,28,70
680,24,70
681,13,64
682,17,64
685,24,72
686,19,66
687,18,66
688,24,71
689,23,66
690,18,64
691,27,66
692,14,62
693,24,70
694,24,69
695,18,65
696,22,70
697,12,70
698,26,67
699,19,69
700,17,62
701,26,67
702,16,65
703,12,65
705,24,69
706,12,63
707,31,66
708,8,67
709,30,69
710,21,67
711,19,70
712,17,67
713,22,70
714,20,65
715,27,63
716,21,64
717,21,69
718,18,60
719,20,69
720,22,72
721,10,63
722,12,63
724,21,70
725,19,68
726,20,69
727,22,72
728,17,67
729,15,68
730,21,70
731,14,68
732,22,69
733,10,68
734,26,66
735,23,72
736,22,67
737,26,70
738,30,73
739,26,73
740,9,60
741,12,67
742,16,69
743,20,65
746,21,66
747,15,65
748,16,64
749,12,67
750,14,65
751,12,64
752,14,67
753,26,70
754,14,63
755,36,71
756,23,68
757,21,67
758,15,67
759,24,68
760,17,66
761,21,68
762,35,70
763,19,67
764,27,67
765,16,62
766,20,67
767,31,70
768,16,72
769,31,70
770,24,94
771,17,66
772,24,69
773,26,68
774,24,71
775,11,69
776,16,67
777,19,64
778,20,63
779,24,66
780,21,66
781,12,69
782,22,64
783,24,62
785,26,70
786,25,67
787,23,68
789,10,62
790,23,67
791,21,68
792,22,64
793,12,64
794,14,66
795,26,72
796,20,72
797,24,66
798,20,72
799,20,69
800,26,72
801,17,60
802,21,69
803,17,68
804,17,69
805,18,62
807,17,70
808,28,68
809,15,68
810,19,70
811,17,65
812,29,73
813,21,66
814,26,71
815,11,62
816,22,68
817,25,70
818,20,68
819,26,71
820,17,70
821,28,72
822,34,69
823,18,63
824,17,62
825,29,68
826,29,70
827,17,69
828,17,68
829,18,65
830,12,59
831,14,66
832,14,64
833,15,63
834,20,72
835,21,67
836,29,94
837,14,70
838,26,66
839,19,69
840,20,64
841,24,63
842,13,71
843,22,65
844,21,68
845,23,64
846,22,64
847,35,66
848,16,68
849,17,67
850,16,66
851,17,68
852,16,66
853,27,71
854,29,71
855,17,68
856,15,64
857,23,67
858,17,64
859,24,68
860,21,62
861,11,64
862,29,70
863,31,68
864,16,69
865,18,65
866,22,67
868,24,71
869,32,65
870,19,66
871,15,65
872,12,65
873,16,68
874,20,68
875,31,67
876,17,65
877,21,66
878,20,63
880,35,72
881,17,67
882,17,67
883,26,66
884,24,66
885,31,69
886,24,62
887,18,66
888,24,64
889,27,67
890,25,71
892,26,68
893,27,66
894,28,75
895,24,72
896,19,68
897,21,68
898,27,69
899,15,63
900,22,70
901,18,66
902,20,66
903,28,72
904,21,71
905,20,72
906,12,69
907,24,71
908,24,69
909,33,68
910,18,61
911,21,68
912,21,72
913,29,70
914,19,73
915,22,67
916,24,65
917,21,68
918,17,65
919,21,97
920,26,66
921,14,67
922,21,70
923,16,66
924,27,69
925,11,62
926,17,68
927,22,67
928,29,68
929,20,69
930,17,62
931,31,75
932,11,65
933,7,63
934,23,66
935,17,71
936,14,66
937,24,66
938,21,66
940,12,68
941,25,71
942,24,68
943,19,68
944,31,68
945,14,62
946,11,65
947,16,71
948,20,63
949,21,68
950,19,69
951,22,69
952,12,71
953,29,71
954,20,62
955,27,70
956,22,70
957,23,73
958,23,71
959,23,69
961,28,65
962,21,71
963,24,68
964,19,64
965,29,71
966,16,67
967,31,66
968,20,71
969,11,62
970,21,67
971,16,67
972,25,66
973,16,64
974,17,62
975,9,65
976,17,63
977,5,64
978,10,65
979,25,68
980,25,72
981,23,64
982,14,62
983,20,69
984,20,64
985,13,61
986,29,72
987,25,66
988,19,69
989,20,65
990,21,64
991,8,62
992,19,66
993,16,62
994,14,66
995,18,70
996,31,75
997,24,67
998,17,66
999,23,71
1000,28,75
1001,26,72
1003,16,65
1004,24,67
1005,22,63
1006,25,62
1007,24,69
1008,26,70
1009,17,63
1010,28,71
1011,21,63
1012,32,71
1013,16,63
1015,21,65
1016,16,66
1017,17,66
1018,18,66
1020,23,66
1021,17,67
1022,20,68
1023,33,68
1024,30,69
1025,23,64
1026,20,67
1027,21,63
1029,14,64
1030,18,66
1031,10,65
1032,22,68
1033,24,66
1034,17,71
1035,29,74
1036,13,65
1037,11,68
1038,21,68
1039,26,72
1040,30,74
1041,17,61
1042,26,65
1043,20,63
1044,19,66
1045,25,66
1046,24,73
1047,11,63
1049,28,73
1050,16,63
1051,22,65
1053,22,65
1054,17,66
1055,16,65
1056,20,70
1057,27,70
1058,23,68
1059,18,64
1060,25,68
1061,3,62
1063,10,61
1064,18,69
1065,13,65
1066,12,65
1067,27,72
1068,17,70
1069,22,65
1070,20,69
1071,23,65
1072,20,69
1073,12,65
1074,26,72
1075,17,70
1076,11,64
1077,17,67
1078,29,69
1079,25,70
1080,18,65
1081,18,69
1082,18,74
1083,32,66
1084,22,72
1086,26,75
1087,21,70
1088,18,63
1089,19,65
1090,20,64
1091,20,65
1092,24,70
1093,20,67
1094,24,67
1095,20,68
1096,20,65
1097,8,61
1098,25,63
1099,22,80
1100,26,69
1101,3,55
1102,33,70
1103,19,65
1104,27,68
1105,14,64
1106,24,69
1107,14,89
1108,16,67
1109,31,92
1110,19,67
1111,21,70
1112,25,68
1113,23,70
1114,21,67
1115,22,69
1116,34,67
1117,20,69
1118,21,63
1120,27,66
1121,27,68
1122,24,69
1123,13,66
1124,30,72
1125,13,62
1126,22,67
1127,15,67
1128,20,67
1129,22,65
1130,22,67
1131,23,66
1132,30,70
1133,23,71
1134,19,64
1135,26,69
1136,27,72
1137,13,60
1138,24,71
1139,24,71
1140,18,66
1141,28,74
1142,19,64
1143,21,68
1144,19,66
1145,20,65
1146,13,64
1147,11,65
1148,30,69
1150,14,62
1151,7,63
1152,16,65
1153,12,62
1154,30,67
1155,26,64
1156,16,61
1157,34,65
1158,26,67
1159,18,70
1160,5,59
1161,34,75
1162,12,67
1163,10,64
1164,26,72
1165,35,76
1166,28,69
1167,23,65
1168,24,72
1169,25,69
1170,25,71
1171,22,64
1172,21,74
1173,20,68
1174,15,66
1175,18,65
1176,10,67
1177,19,69
1178,14,66
1179,13,69
1180,21,67
1181,28,64
1182,26,67
1183,11,61
1184,14,61
1185,26,68
1186,14,66
1187,19,66
1189,14,63
1190,21,66
1191,12,66
1192,16,66
1193,22,65
1194,10,69
1195,23,71
1196,20,66
1197,23,66
1198,21,65
1199,28,71
1200,21,69
1201,17,61
1202,21,70
1203,23,70
1204,20,65
1205,20,64
1206,16,68
1207,16,63
1208,12,63
1209,30,71
1210,13,58
1211,16,68
1212,16,65
1213,25,65
1214,18,68
1215,27,69
1216,16,71
1217,22,65
1218,15,64
1219,33,75
1220,13,67
1221,22,68
1222,24,72
1223,22,67
1224,19,72
1225,19,69
1226,20,68
1227,19,70
1228,26,69
1229,33,67
1230,17,63
1231,12,61
1232,19,66
1233,35,73
1234,15,67
1235,30,72
1236,30,69
1237,17,69
1238,23,63
1239,30,67
1240,18,63
1241,19,66
1242,17,62
1243,14,68
1244,16,65
1245,13,59
1246,20,72
1247,15,63
1248,21,68
1249,11,61
1250,22,65
1251,25,68
1252,8,61
1254,27,67
1255,13,66
1256,30,75
1257,23,68
1258,16,65
1259,20,64
1261,20,64
1262,23,67
1263,14,63
1264,21,67
1265,12,65
1266,19,70
1267,15,62
1268,16,69
1269,27,70
1270,27,68
1271,24,68
1272,13,64
1273,18,63
1274,27,68
1275,21,67
1276,34,68
1277,22,66
1278,21,67
1279,18,69
1281,19,70
1282,24,68
1283,26,66
1284,15,67
1285,12,65
1286,9,67
1287,23,63
1288,13,64
1289,7,64
1290,22,66
1291,35,68
1292,20,67
1293,25,72
1294,20,67
1295,19,66
1296,26,66
1297,18,67
1298,22,65
1299,22,70
1300,16,69
1301,26,69
1302,19,66
1303,15,66
1304,23,67
1305,15,67
1306,20,67
1307,20,72
1308,27,68
1309,23,70
1310,20,69
1311,25,65
1312,28,72
1313,23,69
1314,20,68
1315,12,62
1316,14,60
1317,18,67
1318,16,67
1319,19,67
1320,20,63
1321,23,71
1322,20,66
1323,23,65
1324,20,69
1325,8,63
1326,14,64
1327,19,67
1328,13,62
1329,24,68
1331,27,66
1332,19,69
1333,29,71
1334,21,66
1335,18,72
1336,16,70
1337,18,65
1338,18,64
1339,21,63
1340,21,63
1341,20,66
1342,23,68
1343,27,74
1344,26,71
1345,11,67
1346,5,66
1347,26,67
1348,12,62
1349,19,68
1350,13,62
1351,9,82
1352,23,70
1353,25,72
1354,17,64
1355,4,66
1356,17,68
1357,22,64
1358,11,61
1359,21,69
1360,20,68
1361,23,64
1362,21,67
1363,14,67
1364,27,65
1365,19,68
1366,20,67
1368,17,64
1369,15,70
1370,19,69
1371,30,66
1372,12,69
1373,10,66
1374,29,73
1375,19,66
1376,16,69
1377,26,70
1378,16,71
1379,31,70
1380,24,69
1381,17,63
1382,33,71
1383,16,67
1384,24,73
1385,22,68
1386,28,69
1387,29,76
1388,20,68
1389,15,65
1390,23,66
1391,16,65
1392,32,69
1394,18,66
1395,21,69
1396,12,59
1397,14,65
1398,27,72
1400,14,64
1401,23,69
1402,27,70
1403,24,67
1404,26,67
1405,15,64
1406,11,68
1407,29,72
1408,18,65
1409,18,70
1410,28,75
1411,23,65
1412,23,63
1413,33,71
1414,16,66
1415,26,69
1416,20,68
1417,22,71
1418,29,77
1419,23,70
1420,23,66
1421,26,73
1422,18,62
1423,15,65
1424,14,71
1425,8,66
1426,32,72
1427,13,64
1428,19,63
1429,18,63
1430,22,72
1431,25,71
1432,25,72
1433,17,65
1434,19,67
1435,22,68
1436,19,66
1437,30,72
1438,23,71
1439,24,70
1440,24,68
1441,27,72
1442,21,66
1443,12,69
1444,22,65
1445,16,62
1446,17,69
1447,24,65
1448,27,69
1449,20,69
1451,30,75
1452,21,70
1453,36,74
1454,23,65
1455,9,63
1456,25,74
1457,22,67
1458,28,71
1459,24,68
1460,19,69
1461,13,71
1462,19,66
1463,15,65
1464,17,66
1465,24,65
1466,30,67
1467,22,70
1468,13,63
1469,23,64
1470,27,71
1471,16,68
1472,19,72
1473,20,71
1474,15,64
1475,24,64
1476,19,66
1478,15,68
1479,17,65
1480,24,67
1481,18,64
1482,30,70
1483,18,65
1484,21,65
1485,26,68
1486,11,61
1488,11,65
1489,28,69
1490,17,64
1491,35,69
1492,17,67
1493,21,74
1494,29,66
1495,32,72
1496,32,73
1497,27,73
1498,26,63
1499,24,69
1500,25,71
1501,17,63
1502,15,69
1503,20,72
1504,19,68
1505,17,62
1506,24,68
1507,26,71
1508,21,67
1509,29,65
1510,13,60
1511,19,68
1512,16,59
1514,20,71
1516,29,70
1517,24,62
1518,14,62
1519,31,68
1520,27,68
1521,23,74
1522,19,61
1523,14,67
1524,18,65
1526,31,65
1527,29,67
1528,17,61
1529,13,64
1530,21,64
1531,9,67
1532,22,69
1533,19,69
1534,17,67
1535,10,62
1536,23,66
1537,17,72
1538,13,67
1539,3,66
1540,20,67
1541,31,67
1542,30,68
1543,17,63
1544,16,62
1545,23,65
1546,14,65
1547,22,70
1548,25,73
1549,27,73
1550,19,68
1551,19,63
1552,15,62
1553,15,69
1554,19,66
1555,22,68
1556,25,67
1557,15,65
1558,29,70
1559,18,64
1560,20,65
1561,16,67
1562,5,62
1563,25,66
1564,24,68
1565,18,64
1566,20,69
1567,23,69
1568,11,67
1569,17,61
1570,25,70
1571,12,65
1572,22,66
1573,12,66
1574,23,69
1575,20,67
1576,10,71
1577,27,68
1578,16,67
1579,15,63
1580,21,64
1581,27,73
1582,14,69
1583,20,65
1584,23,70
1585,24,67
1586,21,67
1587,18,70
1588,15,69
1589,21,68
1590,14,66
1592,23,67
1593,25,71
1594,6,68
1595,14,66
1596,24,64
1597,32,71
1598,20,61
1599,16,67
1600,19,65
1601,28,66
1602,16,68
1603,15,66
1604,17,63
1605,14,66
1606,21,73
1607,30,88
1608,22,67
1609,18,69
1610,18,67
1611,11,64
1612,25,64
1613,20,65
1614,19,68
1615,39,77
1616,22,63
1617,15,69
1618,17,69
1619,27,70
1620,21,73
1621,11,66
1622,26,71
1623,16,66
1624,31,71
1625,26,66
1626,17,63
1627,28,70
1628,20,66
1629,25,66
1630,23,66
1631,15,62
1632,16,69
1633,26,63
1634,18,68
1635,18,64
1636,14,69
1637,23,71
1638,32,71
1639,14,66
1640,20,63
1641,28,72
1642,20,70
1643,23,71
1644,14,65
1645,23,65
1646,19,67
1647,26,68
1648,27,70
1649,36,70
1650,23,72
1651,22,65
1652,21,65
1653,18,71
1654,22,74
1655,18,64
1656,21,64
1657,28,65
1658,14,67
1659,27,73
1660,28,72
1661,19,65
1662,7,67
1664,28,70
1665,20,66
1666,14,66
1667,17,68
1668,25,68
1669,23,67
1670,19,65
1671,18,64
1672,18,70
1673,14,63
1674,30,65
1675,18,67
1676,27,71
1677,29,73
1678,26,67
1679,17,72
1680,22,71
1681,20,72
1682,15,68
1683,22,65
1684,13,68
1685,27,67
1686,17,66
1687,21,64
1688,22,65
1689,18,69
1690,24,68
1691,17,69
1692,25,70
1693,12,65
1694,21,63
1695,32,71
1696,14,68
1697,16,70
1698,23,72
1699,21,64
1700,22,64
1701,23,66
1702,24,69
1703,27,71
1704,22,69
1705,19,67
1706,24,66
1707,31,71
1708,19,63
1709,14,62
1710,27,73
1711,19,66
1712,7,72
1713,25,67
1714,17,65
1715,19,66
1716,22,68
1717,21,69
1718,24,68
1719,17,61
1720,23,68
1721,18,64
1722,24,67
1723,24,68
1724,14,61
1725,27,66
1726,17,64
1727,25,67
1728,22,64
1729,31,72
1730,19,62
1731,18,63
1732,20,70
1733,18,69
1734,25,64
1735,10,66
1736,14,67
1737,14,71
1738,26,70
1739,30,69
1741,19,64
1742,20,70
1743,27,69
1745,21,60
1746,26,65
1747,23,67
1748,21,66
1749,26,68
1750,4,58
1751,24,67
1753,9,62
1754,23,69
1755,28,73
1756,19,66
1757,26,67
1758,30,71
1759,28,66
1760,30,74
1761,24,67
1762,20,68
1763,10,61
1765,15,65
1766,33,71
1767,19,61
1768,21,70
1769,23,70
1770,20,69
1771,30,70
1772,16,67
1773,21,63
1774,16,70
1775,12,61
1776,16,64
1777,20,65
1778,17,65
1779,16,66
1780,12,66
1781,20,63
1782,11,66
1783,25,64
1784,20,65
1785,11,62
1786,18,71
1787,15,63
1788,22,70
1789,28,70
1790,9,65
1792,19,66
1793,24,68
1794,21,68
1795,15,69
1796,18,71
1798,26,68
1799,20,67
1800,31,72
1801,20,68
1802,16,60
1803,11,68
1804,9,65
1805,10,67
1806,22,70
1807,23,70
1808,11,61
1809,25,68
1810,17,67
1811,21,62
1812,30,66
1813,25,69
1814,18,66
1815,15,64
1816,7,66
1817,16,63
1818,19,62
1819,14,65
1820,19,68
1821,20,65
1822,19,63
1823,16,68
1824,21,72
1825,23,69
1826,13,66
1827,28,68
1828,19,64
1829,20,61
1830,24,67
1831,21,68
1832,26,74
1833,22,67
1834,16,64
1835,22,69
1836,13,63
1837,21,67
1838,20,65
1839,19,67
1840,19,68
1841,9,62
1842,17,70
1843,21,67
1844,21,89
1845,14,65
1846,28,69
1847,15,64
1848,26,74
1849,23,64
1850,16,64
1851,31,67
1852,13,63
1853,26,68
1854,26,66
1855,16,68
1856,28,68
1857,18,69
1858,22,71
1859,22,65
1860,19,67
1861,25,65
1862,25,65
1863,10,80
1864,28,74
1865,10,59
1866,26,69
1867,27,66
1868,13,66
1869,18,65
1870,13,67
1871,19,69
1872,18,68
1873,25,73
1874,28,71
1875,28,67
1876,17,67
1877,19,66
1878,10,63
1879,15,65
1880,26,67
1881,30,69
1882,13,67
1883,16,66
1884,20,74
1886,15,66
1887,23,69
1888,17,63
1889,20,65
1890,23,64
1891,20,64
1892,17,69
1893,19,73
1894,19,62
1895,18,62
1896,18,68
1897,30,66
1898,23,68
1899,18,66
1900,24,69
1901,18,62
1902,27,68
1903,22,67
1904,19,65
1905,23,69
1906,11,67
1907,13,64
1908,13,62
1909,21,71
1910,30,72
1911,33,74
1912,24,66
1913,23,72
1914,9,65
1915,17,67
1916,15,70
1917,16,62
1918,19,66
1919,17,65
1920,8,70
1921,24,69
1922,14,70
1923,21,66
1924,32,73
1925,14,69
1926,5,66
1927,18,65
1928,27,70
1929,32,70
1930,13,67
1931,23,68
1932,17,68
1933,19,61
1934,36,70
1935,11,65
1936,22,66
1937,23,67
1938,27,69
1939,21,69
1940,22,67
1941,18,66
1942,22,63
1943,18,67
1944,24,64
1945,18,68
1947,20,65
1948,27,65
1949,20,70
1950,9,62
1951,28,68
1952,15,62
1953,16,68
1954,16,72
1955,28,70
1956,7,62
1957,39,79
1958,26,73
1959,21,68
1960,20,68
1961,22,69
1962,23,63
1963,24,74
1964,23,69
1965,21,61
1966,19,69
1967,19,64
1968,19,63
1969,27,68
1970,24,72
1972,24,69
1973,21,70
1974,20,63
1975,18,62
1976,27,72
1977,26,69
1978,15,66
1979,22,71
1980,14,62
1981,12,68
1982,16,63
1983,25,66
1984,26,75
1985,23,69
1986,24,68
1987,23,69
1988,16,67
1989,23,73
1990,25,71
1991,25,71
1992,27,68
1993,24,70
1994,22,71
1995,26,69
1996,20,63
1997,15,71
1998,19,69
1999,16,71
2000,16,68
2001,19,68
2002,15,66
2003,18,67
2004,9,59
2005,21,66
2006,20,64
2007,15,64
2008,24,69
2009,26,69
2010,10,61
2011,15,62
2012,15,61
2013,14,63
2014,25,71
2015,19,65
2016,18,68
2017,8,67
2018,24,70
2019,13,64
2020,20,71
2021,22,71
2022,28,67
2023,12,63
2024,2,66
2025,21,70
2026,31,70
2027,27,67
2028,21,69
2029,17,66
2030,25,67
2031,14,65
2032,23,72
2033,23,68
2034,26,72
2035,37,76
2036,22,65
2037,17,68
2038,20,65
2039,9,66
2040,16,63
2041,18,63
2042,17,66
2043,21,69
2044,15,72
2045,27,66
2046,20,64
2048,18,67
2049,21,66
2050,25,68
2051,15,65
2052,16,71
2053,18,71
2054,12,62
2055,15,69
2056,17,65
2057,25,70
2059,21,70
2060,25,70
2061,19,69
2062,22,71
2063,19,69
2064,22,73
2065,17,65
2066,5,62
2067,19,67
2068,29,65
2069,26,65
2070,26,70
2071,27,70
2072,21,71
2073,21,71
2074,16,62
2075,18,65
2076,24,84
2077,27,68
2078,19,70
2079,17,68
2080,20,67
2081,24,69
2082,11,68
2083,6,59
2084,17,67
2085,13,63
2086,17,65
2087,19,63
2088,17,64
2089,29,72
2090,22,63
2091,22,66
2092,24,67
2093,13,66
2094,26,66
2095,20,68
2096,24,66
2097,14,68
2098,11,65
2099,25,67
2100,22,64
2101,15,59
2102,15,60
2103,27,65
2104,13,64
2105,30,66
2106,15,65
2107,24,69
2108,18,66
2110,17,62
2111,19,60
2112,20,68
2113,14,64
2114,24,73
2115,17,64
2117,14,63
2118,5,65
2119,19,65
2120,34,67
2121,25,67
2122,20,66
2123,18,68
2124,20,65
2125,23,66
2126,13,66
2127,27,69
2128,24,70
2129,24,71
2130,23,70
2131,20,68
2132,24,73
2133,24,68
2134,18,66
2135,17,67
2136,21,66
2137,29,69
2138,13,67
2139,11,61
2140,21,70
2141,20,70
2142,21,70
2143,21,64
2144,19,65
2145,29,70
2146,10,62
2147,15,64
2148,19,67
2149,10,63
2150,19,62
2151,30,72
2152,20,69
2153,21,72
2154,12,68
2155,16,64
2156,18,72
2157,18,73
2158,28,67
2159,23,64
2160,13,65
2161,21,67
2162,23,68
2164,29,71
2165,14,66
2166,15,59
2167,12,68
2168,19,64
2169,23,70
2170,26,65
2171,20,72
2172,18,66
2173,21,68
2174,15,62
2175,33,70
2176,10,70
2177,21,64
2178,32,76
2179,20,67
2180,19,69
2181,18,68
2182,19,67
2183,28,69
2184,7,67
2185,29,73
2186,11,71
2187,18,70
2189,24,73
2190,10,65
2191,23,73
2192,32,70
2193,12,66
2194,21,66
2195,16,64
2196,23,68
2197,20,70
2198,16,72
2199,23,66
2200,31,74
2201,19,67
2202,24,71
2203,12,60
2205,23,69
2206,29,74
2207,22,71
2208,18,63
2209,20,66
2210,12,65
2211,24,60
2212,25,69
2213,17,69
2214,17,67
2215,22,65
2216,17,70
2217,20,71
2218,33,73
2219,19,70
2220,18,67
2221,16,67
2222,24,65
2225,28,68
2226,29,74
2227,16,68
2228,9,61
2229,26,67
2230,16,66
2231,25,69
2232,8,62
2233,25,71
2234,13,71
2235,24,72
2236,20,69
2237,14,67
2238,18,63
2239,24,68
2240,21,69
2241,24,65
2242,32,70
2243,11,65
2244,30,67
2245,21,72
2246,15,69
2247,12,69
2248,19,71
2249,26,67
2250,19,65
2251,29,70
2252,11,63
2253,20,71
2254,12,64
2255,22,69
2256,25,69
2257,17,70
2258,4,64
2259,21,70
2260,23,74
2261,22,69
2262,27,73
2263,14,66
2264,24,67
2265,27,76
2266,9,61
2267,22,68
2268,17,63
2269,20,67
2270,22,66
2271,17,62
2272,16,69
2273,20,67
2274,13,66
2275,13,63
2276,24,64
2277,13,64
2278,24,67
2279,23,66
2280,10,68
2281,16,62
2282,27,68
2283,14,63
2284,17,62
2285,23,72
2286,25,69
2287,18,67
2288,16,65
2289,29,69
2290,30,72
2291,26,70
2292,21,91
2293,15,65
2294,15,62
2295,23,65
2296,23,67
2297,28,67
2298,24,72
2299,11,60
2300,26,69
2301,14,61
2302,18,70
2303,22,68
2304,32,75
2305,39,75
2306,24,72
2307,19,66
2308,23,71
2309,25,70
2310,18,63
2311,31,72
2312,21,65
2313,23,71
2314,24,65
2315,23,69
2316,25,71
2317,16,68
2318,17,66
2319,13,60
2320,23,68
2321,25,67
2322,23,71
2323,30,74
2324,20,70
2325,24,63
2326,13,64
2327,18,66
2328,24,64
2329,25,69
2330,18,71
2331,20,64
2332,11,65
2333,18,69
2334,25,68
2335,23,68
2336,23,68
2337,20,65
2338,20,65
2339,16,66
2340,24,66
2341,23,71
2342,23,68
2343,17,65
2344,7,63
2345,27,66
2346,17,71
2347,15,65
2348,24,68
2349,18,66
2350,26,64
2351,24,70
2352,24,70
2355,22,71
2356,18,70
2357,21,70
2358,9,66
2359,22,64
2360,14,66
2361,12,68
2362,11,61
2363,27,72
2364,16,66
2365,29,68
2366,17,61
2367,10,67
2368,13,66
2369,27,74
2370,19,66
2371,17,67
2372,21,71
2373,23,66
2374,27,71
2375,29,72
2376,18,66
2377,12,62
2378,18,66
2379,22,69
2381,14,69
2382,22,69
2383,20,64
2384,20,68
2385,15,63
2386,19,64
2387,14,69
2388,25,71
2389,26,67
2391,14,66
2392,11,67
2393,16,68
2394,19,69
2395,11,62
2396,14,66
2397,14,63
2398,21,67
2400,16,66
2401,21,66
2402,17,67
2403,18,66
2404,30,69
2405,28,72
2406,12,60
2407,25,68
2408,25,72
2409,13,64
2410,25,65
2411,29,76
2412,13,59
2413,14,67
2414,26,73
2415,22,64
2416,23,67
2417,22,69
2418,22,69
2419,12,67
2420,26,72
2421,27,86
2422,19,62
2423,20,69
2424,11,68
2425,23,99
2426,23,70
2427,20,68
2428,27,67
2429,18,66
2430,23,66
2431,14,62
2432,20,72
2433,19,64
2434,21,68
2435,18,66
2436,19,68
2437,25,75
2438,17,67
2439,10,65
2440,30,68
2441,28,67
2442,12,63
2443,24,67
2444,17,67
2445,22,73
2446,22,67
2447,19,71
2448,15,67
2449,16,68
2450,15,68
2451,15,66
2452,20,68
2453,16,63
2454,24,68
2455,29,74
2457,21,69
2458,23,70
2459,23,65
2460,20,68
2461,24,65
2462,23,68
2463,13,68
2464,25,66
2465,25,70
2466,15,66
2467,20,64
2468,24,70
2469,19,68
2470,26,74
2471,34,71
2472,15,61
2473,12,64
2474,22,64
2475,24,73
2476,19,62
2477,29,71
2478,12,68
2479,24,67
2481,30,71
2482,32,72
2483,15,66
2484,17,67
2485,25,66
2486,18,68
2487,20,64
2488,20,65
2489,8,66
2490,20,69
2491,16,64
2492,17,65
2493,29,72
2494,12,65
2495,25,70
2496,18,64
2497,18,62
2498,25,69
2499,22,62
2500,23,69
2502,18,71
2503,16,66
2504,13,64
2505,15,63
2506,38,69
2507,27,68
2508,12,63
2509,12,64
2510,23,66
2511,23,71
2512,23,72
2513,18,88
2514,19,66
2515,22,65
2516,21,66
2517,7,62
2518,19,68
2519,15,65
2520,21,62
2521,38,74
2522,22,64
2524,26,70
2525,23,65
2526,23,66
2527,24,67
2528,32,73
2529,13,65
2530,23,74
2531,14,66
2532,23,67
2533,14,58
2534,17,71
2535,18,63
2536,26,73
2537,26,68
2538,13,66
2539,20,68
2540,16,66
2541,12,62
2542,19,78
2543,18,68
2544,35,77
2545,23,65
2546,12,73
2547,17,64
2548,26,67
2549,33,69
2550,10,60
2551,9,66
2552,31,70
2553,22,66
2554,15,64
2555,23,70
2558,22,64
2559,26,72
2560,14,60
2561,21,70
2562,14,62
2563,22,66
2565,18,65
2566,14,64
2567,24,72
2568,25,71
2569,19,68
2570,20,68
2571,11,64
2572,18,65
2573,20,64
2574,36,75
2575,13,61
2576,29,68
2577,26,70
2578,22,71
2579,31,66
2580,22,66
2581,22,70
2582,20,62
2583,27,72
2584,27,72
2585,16,63
2586,12,69
2587,19,68
2588,15,67
2589,20,71
2590,27,67
2591,17,62
2592,20,69
2593,20,67
2594,25,71
2595,7,87
2596,16,62
2597,21,64
2598,27,74
2599,17,69
2600,9,65
2601,24,66
2602,16,70
2603,13,68
2604,16,70
2605,19,68
2606,16,69
2607,7,66
2608,25,65
2609,28,71
2610,24,66
2611,13,61
2612,19,69
2613,20,65
2614,24,63
2615,24,73
2616,16,68
2617,20,70
2618,23,72
2619,29,68
2620,24,68
2621,25,71
2622,21,68
2623,28,70
2624,22,70
2625,15,69
2626,28,73
2627,24,72
2628,17,67
2629,17,69
2630,22,68
2631,23,64
2632,21,71
2633,22,68
2634,30,70
2635,26,72
2636,21,65
2637,26,70
2638,14,69
2639,22,64
2640,31,67
2641,19,65
2642,15,62
2643,16,68
2644,13,68
2645,15,68
2646,18,68
2647,12,62
2648,20,72
2649,25,69
2650,15,68
2651,29,71
2652,23,69
2653,26,71
2654,16,65
2655,25,68
2656,13,60
2657,25,68
2658,21,66
2659,23,66
2660,13,62
2661,15,61
2662,24,69
2663,14,69
2664,23,74
2665,12,62
2666,25,67
2667,13,69
2668,23,66
2669,24,72
2670,16,69
2671,23,65
2672,22,72
2673,17,69
2674,14,60
2675,8,61
2676,22,63
2677,11,63
2678,21,68
2679,18,68
2680,24,65
2681,18,71
2682,18,64
2683,24,65
2684,22,67
2685,22,67
2686,23,67
2687,11,87
2688,25,67
2689,24,72
2690,14,69
2691,19,65
2692,20,66
2693,19,70
2694,22,71
2695,29,67
2696,26,72
2697,12,63
2698,24,67
2699,28,72
2700,22,72
2701,27,70
2702,32,67
2703,26,68
2704,21,67
2705,26,70
2706,21,67
2707,20,71
2708,18,69
2709,29,74
2710,15,63
2711,29,72
2712,23,71
2714,22,69
2715,7,62
2716,24,69
2717,25,68
2718,16,67
2719,21,71
2720,32,70
2721,17,63
2722,14,60
2723,29,69
2724,32,71
2725,20,69
2726,26,73
2727,28,73
2728,16,68
2729,17,67
2730,27,74
2731,30,68
2732,23,69
2733,15,69
2734,32,68
2735,17,66
2736,18,69
2737,22,66
2738,29,72
2740,22,68
2741,23,66
2742,20,65
2743,23,71
2744,5,61
2745,18,63
2746,21,66
2747,13,69
2748,22,71
2749,19,73
2750,31,72
2751,29,73
2752,17,65
2753,19,71
2754,20,65
2755,17,67
2756,21,69
2757,15,63
2758,13,68
2759,24,70
2760,24,64
2761,15,64
2762,25,68
2763,16,65
2765,25,66
2766,20,70
2767,23,66
2768,17,69
2769,19,69
2770,19,64
2771,16,64
2772,19,69
2773,11,67
2774,17,63
2775,18,67
2776,18,65
2777,19,64
2778,20,68
2779,23,64
2780,25,70
2781,16,70
2782,13,67
2783,14,69
2784,17,70
2786,15,65
2787,12,66
2788,17,70
2789,21,63
2791,17,74
2792,18,70
2793,14,66
2794,20,68
2795,15,67
2796,23,66
2797,9,65
2798,18,66
2799,22,69
2800,21,67
2801,36,69
2802,22,66
2803,14,64
2804,19,61
2805,9,61
2806,20,70
2807,15,65
2808,25,67
2809,17,69
2810,19,63
2811,16,66
2812,30,73
2813,18,68
2814,31,74
2815,25,70
2816,23,68
2817,22,67
2818,22,65
2819,8,66
2820,18,64
2821,25,72
2822,20,70
2823,12,60
2824,20,68
2825,30,71
2826,27,68
2827,20,67
2828,26,70
2829,18,65
2830,10,60
2831,14,65
2832,29,70
2833,18,69
2834,19,64
2835,18,67
2836,31,73
2837,30,74
2838,33,67
2839,19,66
2840,22,69
2841,11,64
2842,29,69
2843,13,66
2844,21,65
2845,13,67
2846,16,67
2847,15,68
2848,16,65
2849,17,66
2850,17,65
2851,25,71
2852,13,63
2853,21,70
2854,27,70
2855,17,67
2856,16,68
2857,19,63
2858,27,70
2859,21,69
2860,17,66
2861,23,70
2862,13,68
2863,24,70
2864,22,67
2866,15,64
2867,15,62
2868,23,71
2870,16,62
2871,23,66
2872,7,64
2873,16,66
2874,20,72
2875,15,71
2876,14,65
2877,16,65
2878,22,70
2879,19,68
2880,7,57
2881,7,59
2882,16,64
2883,23,67
2884,4,60
2885,17,67
2887,28,71
2888,18,67
2889,22,69
2890,21,68
2891,7,59
2892,25,75
2893,21,59
2894,23,71
2895,44,71
2896,7,66
2897,30,69
2898,18,65
2899,22,68
2900,20,68
2901,17,67
2902,17,68
2904,11,88
2905,25,66
2906,18,67
2907,13,63
2908,17,68
2909,28,65
2910,17,67
2911,22,67
2912,16,67
2913,25,64
2915,31,65
2916,19,70
2917,24,67
2918,21,68
2919,28,65
2920,16,63
2921,24,72
2922,19,68
2924,21,71
2925,22,70
2926,19,68
2927,21,68
2928,29,68
2929,26,71
2930,25,70
2931,17,67
2932,15,61
2933,26,64
2934,25,72
2935,29,67
2936,16,65
2937,19,64
2938,10,66
2939,18,62
2940,26,70
2941,17,64
2942,24,70
2943,19,66
2944,22,62
2945,13,63
2946,21,66
2947,2,58
2948,19,70
2949,10,63
2951,25,65
2952,23,67
2953,29,73
2954,14,82
2955,30,71
2956,26,73
2957,19,65
2958,27,67
2959,13,67
2960,15,69
2961,16,61
2962,17,64
2963,14,64
2964,27,68
2965,18,62
2966,22,66
2967,17,70
2968,9,67
2969,22,70
2970,9,65
2971,20,65
2972,12,70
2973,32,72
2974,25,65
2975,21,71
2976,28,71
2977,15,72
2978,23,64
2979,21,72
2980,22,71
2981,28,66
2982,24,71
2983,22,67
2984,10,69
2985,14,67
2986,19,71
2988,13,62
2989,34,67
2990,29,70
2991,24,72
2992,20,69
2993,19,70
2994,14,64
2995,20,65
2996,22,66
2997,13,68
2998,22,72
2999,19,65
3000,9,60
3001,15,63
3002,18,66
3003,31,73
3004,23,71
3005,12,59
3006,23,70
3007,11,63
3008,26,67
3009,17,65
3010,19,64
3011,28,71
3012,12,70
3013,12,63
3014,16,68
3015,26,67
3016,11,66
3017,3,63
3018,17,65
3019,23,66
3020,27,65
3021,17,65
3022,18,63
3023,27,65
3024,9,62
3025,18,66
3026,21,71
3027,23,64
3028,17,67
3029,20,68
3030,5,63
3031,16,64
3032,23,74
3033,14,68
3034,20,68
3035,23,69
3036,18,61
3037,21,69
3038,14,61
3039,19,67
3040,24,63
3041,21,68
3042,16,68
3043,21,67
3044,24,69
3045,8,64
3046,27,67
3047,18,70
3048,23,72
3049,27,71
3050,12,62
3051,16,67
3052,18,64
3053,15,64
3054,30,70
3055,15,68
3056,17,70
3057,21,65
3058,13,59
3059,18,69
3060,22,67
3061,18,68
3062,19,62
3063,17,65
3064,11,69
3065,22,65
3066,31,68
3067,20,68
3068,21,71
3069,24,71
3070,12,66
3071,30,71
3072,21,66
3073,30,66
3075,31,65
3076,25,66
3077,23,67
3078,21,66
3079,19,69
3080,27,66
3081,21,64
3082,8,70
3083,13,62
3084,19,67
3085,22,60
3086,20,66
3087,27,72
3088,8,63
3089,21,69
3090,9,66
3091,25,69
3092,19,68
3093,23,66
3094,15,63
3095,28,70
3096,26,68
3097,24,68
3098,19,67
3099,23,67
3100,16,69
3101,25,68
3102,30,67
3103,26,70
3104,16,70
3105,22,66
3106,12,61
3107,23,68
3108,23,64
3109,9,66
3111,18,73
3112,18,66
3113,13,65
3114,22,68
3115,22,69
3116,19,72
3117,15,63
3118,26,65
3119,30,69
3120,17,62
3121,16,66
3122,23,69
3123,18,67
3124,19,94
3125,24,71
3126,9,61
3127,28,68
3128,20,66
3129,18,71
3130,19,66
3131,20,60
3132,10,60
3133,29,66
3134,20,67
3135,23,67
3136,26,64
3137,14,66
3138,23,68
3139,18,70
3140,25,75
3141,7,86
3142,19,73
3143,16,61
3144,23,68
3145,23,70
3146,16,71
3147,16,71
3148,19,68
3149,15,70
3150,25,70
3151,18,62
3152,3,67
3153,18,68
3154,14,68
3155,10,64
3156,13,68
3157,21,69
3158,28,70
3159,22,73
3160,16,66
3161,23,68
3162,17,68
3163,16,65
3164,13,66
3165,9,62
3166,18,67
3167,21,73
3168,19,65
3169,18,70
3170,14,68
3171,24,67
3172,12,66
3173,25,65
3174,14,66
3175,15,66
3176,11,60
3177,17,66
3178,26,68
3179,23,72
3180,26,68
3181,23,67
3182,13,62
3183,18,66
3184,15,69
3185,28,64
3186,13,63
3188,25,72
3189,31,71
3190,18,64
3191,24,65
3192,34,75
3193,16,69
3194,11,65
3195,9,60
3196,24,69
3197,9,65
3198,18,67
3199,23,70
3200,21,66
3201,23,69
3202,21,69
3203,28,68
3204,14,70
3205,16,66
3206,15,65
3207,25,65
3208,25,65
3209,23,69
3210,27,69
3211,13,65
3212,30,76
3213,29,72
3214,24,67
3215,31,74
3216,10,66
3217,17,66
3218,16,66
3219,24,71
3220,14,66
3221,25,65
3222,28,69
3223,24,69
3225,14,68
3227,27,64
3228,25,73
3229,20,66
3230,17,67
3231,8,63
3232,14,61
3233,31,71
3234,12,61
3235,21,62
3236,26,74
3237,12,65
3238,21,64
3239,26,66
3241,37,76
3242,10,67
3243,26,71
3244,19,65
3245,25,68
3246,23,68
3247,16,67
3248,21,64
3249,9,60
3251,22,73
3252,24,69
3253,26,70
3254,22,64
3255,21,64
3256,15,65
3257,16,62
3259,29,72
3260,19,64
3261,20,67
3262,15,64
3263,27,61
3264,24,72
3265,32,70
3266,15,70
3267,18,71
3268,21,68
3269,24,68
3270,19,70
3271,15,73
3272,25,69
3273,24,71
3274,15,64
3275,28,68
3276,27,69
3277,21,70
3279,23,66
3280,15,65
3281,20,66
3282,7,61
3283,25,71
3284,11,60
3285,29,66
3286,18,61
3287,19,68
3288,16,68
3289,18,65
3290,29,65
3291,5,60
3292,28,67
3293,22,65
3294,13,70
3295,14,64
3296,30,68
3297,14,69
3298,13,65
3299,27,71
3300,22,65
3301,14,65
3302,21,68
3303,14,66
3304,27,65
3305,26,71
3306,23,68
3307,22,70
3309,20,62
3310,13,61
3311,23,70
3313,14,62
3314,18,65
3315,22,68
3316,20,70
3317,14,68
3318,27,69
3319,34,73
3320,21,71
3321,15,63
3322,11,66
3323,22,67
3325,23,66
3326,20,69
3327,16,72
3328,13,63
3329,25,67
3330,25,64
3331,11,68
3332,30,71
3333,23,67
3334,28,67
3335,12,64
3336,12,63
3337,19,72
3338,23,63
3339,31,67
3340,24,68
3341,19,64
3342,14,65
3343,27,68
3344,14,66
3345,30,73
3346,18,68
3347,30,72
3348,24,70
3349,19,66
3350,17,66
3351,18,66
3352,23,65
3353,20,71
3354,16,66
3356,20,63
3357,7,58
3359,14,61
3360,13,65
3361,10,67
3362,9,67
3363,12,62
3364,16,86
3365,32,71
3366,17,70
3367,21,71
3368,22,71
3369,21,70
3370,20,67
3371,13,60
3372,29,73
3373,31,67
3374,10,62
3375,14,67
3376,18,65
3377,14,61
3378,23,61
3379,16,60
3380,33,68
3381,27,65
3382,21,67
3383,26,67
3384,27,74
3385,17,64
3386,15,64
3387,20,67
3388,25,74
3389,21,69
3390,11,62
3392,20,69
3393,20,68
3394,32,74
3395,12,68
3396,23,73
3397,29,70
3398,34,69
3399,18,68
3400,23,71
3401,23,64
3402,21,71
3403,19,65
3404,23,68
3405,5,67
3406,24,67
3407,21,67
3408,19,63
3409,32,68
3410,16,66
3411,18,67
3412,32,68
3413,15,72
3414,17,70
3415,19,62
3416,25,69
3417,21,61
3418,12,58
3419,17,63
3420,16,71
3421,20,70
3422,23,64
3423,23,63
3424,9,63
3425,26,71
3426,22,65
3427,28,68
3428,23,70
3429,27,68
3430,23,69
3431,28,70
3432,23,67
3433,19,69
3435,25,68
3436,23,67
3437,12,67
3438,12,64
3439,22,63
3440,21,67
3441,16,70
3442,21,71
3443,30,74
3444,24,70
3445,13,59
3446,19,64
3447,15,67
3448,18,63
3449,18,66
3450,17,62
3451,12,65
3452,19,73
3453,17,70
3454,2,62
3455,32,68
3456,27,74
3457,18,96
3458,20,66
3459,13,69
3460,30,70
3461,31,73
3462,21,69
3463,26,71
3464,21,65
3465,12,62
3467,21,65
3468,17,68
3469,19,65
3470,19,72
3471,20,67
3472,20,68
3473,14,68
3474,16,66
3475,12,62
3476,26,65
3477,7,60
3478,27,70
3479,28,68
3480,18,72
3481,4,63
3482,18,63
3483,20,67
3485,17,69
3486,29,75
3487,24,67
3488,14,69
3489,10,65
3490,18,65
3491,19,63
3492,23,65
3493,17,58
3494,23,70
3495,32,66
3496,25,63
3497,20,62
3498,19,69
3499,18,66
3500,27,68
3501,16,62
3502,20,64
3503,20,65
3504,17,64
3505,12,65
3506,22,65
3507,20,70
3508,23,71
3509,17,65
3510,27,67
3511,15,68
3512,30,73
3513,10,64
3514,23,71
3515,23,70
3516,15,68
3517,23,68
3518,28,68
3519,7,59
3520,23,74
3521,5,62
3522,14,64
3523,30,76
3524,17,70
3525,13,69
3527,32,74
3528,9,62
3529,14,70
3530,29,71
3531,31,68
3532,19,66
3533,13,67
3534,33,71
3535,30,74
3536,24,65
3537,15,60
3538,20,69
3539,19,65
3540,22,69
3541,29,70
3542,25,65
3543,14,57
3544,28,68
3545,22,67
3546,24,70
3547,29,68
3548,13,62
3549,20,67
3550,17,66
3551,11,60
3553,35,75
3554,9,67
3555,20,71
3556,24,63
3557,21,67
3558,19,68
3559,12,65
3560,21,72
3561,15,61
3562,7,60
3563,27,72
3564,26,72
3565,20,70
3566,21,67
3567,26,71
3568,21,66
3569,25,72
3570,18,70
3571,28,71
3572,22,64
3573,21,66
3574,12,64
3575,22,67
3576,15,67
3577,16,64
3578,15,61
3579,14,99
3580,33,67
3581,28,72
3582,32,66
3583,13,68
3584,20,64
3585,12,69
3586,16,65
3587,14,66
3588,27,73
3590,26,66
3591,24,65
3592,34,71
3593,11,58
3594,28,68
3595,27,69
3596,14,63
3597,26,66
3598,22,69
3599,19,69
3600,15,63
3601,16,65
3602,32,76
3603,20,67
3604,25,70
3605,15,60
3606,15,68
3607,26,68
3608,12,70
3609,18,68
3610,20,69
3611,21,62
3612,19,64
3613,22,71
3614,24,68
3615,24,72
3616,14,64
3617,18,73
3618,27,69
3619,25,70
3620,12,69
3621,22,64
3622,8,66
3623,20,69
3624,31,68
3625,14,65
3626,15,62
3627,25,75
3628,11,60
3629,16,63
3630,24,66
3631,16,67
3632,19,68
3633,24,72
3634,23,66
3635,22,63
3636,18,71
3637,22,67
3638,19,66
3639,23,66
3640,17,68
3641,19,66
3642,14,68
3643,20,68
3644,15,68
3645,13,66
3646,22,66
3647,21,70
3648,25,68
3649,17,65
3650,22,70
3651,23,66
3652,23,68
3653,15,64
3654,21,69
3655,22,65
3656,20,69
3657,7,66
3658,21,68
3659,33,70
3660,18,65
3661,16,65
3662,22,68
3663,22,67
3664,27,72
3665,12,70
3666,24,72
3667,24,71
3668,19,64
3669,22,69
3670,26,73
3671,25,70
3672,13,68
3673,25,71
3674,20,71
3675,20,66
3676,20,68
3677,19,70
3678,27,72
3679,19,66
3680,13,65
3681,18,66
3682,21,65
3683,27,72
3684,24,68
3685,15,68
3686,35,67
3687,22,68
3688,28,67
3689,19,69
3690,23,65
3691,25,70
3692,27,64
3693,26,66
3694,25,64
3695,18,66
3696,17,67
3697,22,68
3698,26,71
3699,19,67
3700,26,69
3701,29,67
3702,15,61
3703,15,68
3704,19,67
3705,22,64
3706,17,63
3707,28,72
3708,23,69
3709,20,66
3710,11,64
3711,12,61
3712,22,71
3713,7,63
3714,26,65
3715,19,71
3716,39,78
3717,34,73
3718,19,65
3719,19,66
3720,26,66
3721,30,74
3722,10,62
3723,9,66
3724,16,71
3725,23,67
3726,23,69
3727,26,72
3728,13,72
3729,6,65
3730,25,71
3731,15,64
3732,8,61
3733,21,69
3734,25,65
3735,19,69
3736,17,64
3737,19,69
3738,18,68
3739,12,63
3740,16,66
3742,22,66
3743,21,67
3744,14,62
3745,19,66
3746,7,68
3747,21,68
3748,29,63
3749,11,66
3751,22,72
3752,28,70
3753,17,63
3754,16,65
3755,8,65
3756,21,66
3757,32,68
3758,22,64
3759,20,66
3760,22,68
3761,20,64
3762,15,62
3763,25,67
3764,21,67
3765,20,65
3766,14,59
3767,28,66
3768,24,68
3769,17,63
3770,26,68
3771,17,68
3772,15,66
3775,23,68
3776,9,66
3777,13,69
3778,8,64
3779,19,68
3780,19,66
3781,18,68
3782,14,62
3783,13,68
3784,23,69
3785,17,70
3786,22,65
3787,15,68
3788,21,67
3789,28,64
3791,18,67
3792,22,66
3793,19,67
3794,20,63
3795,18,69
3796,19,70
3797,21,70
3798,14,65
3799,14,64
3800,12,67
3801,10,61
3802,13,70
3803,21,68
3804,15,64
3805,23,68
3806,20,68
3808,24,65
3809,25,69
3810,14,63
3811,23,69
3812,15,61
3813,21,69
3814,12,62
3815,9,58
3816,18,71
3817,19,69
3818,18,68
3819,13,61
3820,18,67
3821,22,68
3822,20,72
3823,21,71
3824,16,67
3825,27,68
3826,13,64
3827,23,73
3828,27,65
3829,23,67
3830,19,63
3831,17,63
3832,26,69
3833,11,68
3834,14,68
3835,18,69
3836,27,73
3837,22,66
3838,14,68
3839,18,65
3840,16,67
3841,16,70
3842,26,66
3843,12,64
3844,30,69
3845,25,71
3846,27,68
3847,17,68
3848,19,66
3849,11,70
3850,17,65
3851,23,63
3852,28,70
3853,13,67
3854,18,63
3855,19,64
3856,12,60
3857,24,62
3858,16,65
3859,19,69
3860,17,68
3861,15,66
3862,20,72
3863,19,68
3864,18,69
3865,16,65
3866,22,65
3867,30,70
3868,21,67
3869,26,73
3870,12,70
3871,21,66
3872,13,68
3873,11,61
3874,16,70
3875,27,66
3876,26,67
3877,21,69
3878,11,64
3879,19,65
3880,22,75
3881,21,63
3882,9,69
3883,15,68
3884,20,66
3885,23,66
3886,7,66
3887,19,68
3888,21,65
3889,25,70
3890,24,68
3891,23,70
3892,15,61
3893,9,61
3894,18,64
3895,26,71
3896,28,72
3897,24,66
3898,23,63
3899,22,62
3901,19,66
3902,30,72
3903,14,68
3904,30,70
3905,18,70
3906,28,73
3907,12,67
3908,24,65
3909,16,65
3910,12,65
3911,21,70
3912,26,66
3913,15,65
3914,11,68
3915,19,66
3916,19,65
3917,23,71
3918,26,65
3919,20,70
3920,31,69
3921,21,71
3922,18,67
3924,18,82
3925,18,66
3926,26,66
3927,23,65
3928,13,61
3929,21,72
3930,24,70
3931,29,71
3932,25,84
3933,25,72
3934,20,67
3935,22,72
3936,27,70
3937,12,62
3938,18,71
3939,15,62
3940,22,68
3941,27,74
3942,16,68
3943,6,64
3944,18,65
3945,25,66
3946,23,68
3947,23,67
3948,18,67
3949,12,63
3950,23,71
3951,15,63
3952,33,66
3953,23,67
3954,17,66
3955,16,70
3956,19,64
3957,19,71
3958,27,68
3959,21,64
3960,16,66
3961,31,72
3962,20,66
3964,16,66
3965,22,68
3966,22,70
3967,9,64
3968,32,71
3969,28,72
3970,18,71
3971,13,63
3972,22,68
3973,21,63
3974,22,66
3975,21,63
3976,23,72
3977,29,70
3978,23,65
3979,14,67
3980,28,66
3981,30,69
3982,39,73
3983,13,66
3984,21,70
3985,8,68
3986,23,65
3987,17,67
3988,32,71
3989,15,70
3990,10,61
3991,17,69
3992,8,63
3993,25,67
3994,8,65
3995,20,63
3996,8,67
3997,18,66
3998,30,72
3999,22,68
4000,15,67
4001,20,72
4002,20,66
4003,23,73
4004,12,71
4005,24,65
4006,4,65
4007,16,65
4008,17,68
4009,24,70
4010,20,68
4011,12,62
4012,14,66
4013,21,65
4014,20,71
4015,17,61
4016,17,63
4017,24,67
4018,17,70
4019,19,73
4021,11,69
4022,9,61
4024,16,64
4025,18,61
4026,15,63
4027,18,65
4028,30,73
4029,25,68
4030,25,72
4031,12,62
4032,13,63
4033,3,58
4034,15,68
4035,26,74
4036,23,68
4037,19,67
4038,20,65
4039,16,63
4040,21,71
4041,25,62
4042,10,66
4043,22,65
4044,26,66
4045,18,71
4046,24,68
4047,37,72
4048,19,66
4049,22,66
4050,16,67
4051,21,71
4052,23,72
4053,21,64
4054,14,60
4055,21,64
4056,29,70
4057,23,72
4058,26,68
4059,19,62
4060,24,68
4062,14,60
4063,22,72
4064,14,65
4065,16,63
4066,21,66
4067,22,65
4068,13,65
4069,26,67
4070,23,65
4071,16,67
4072,11,66
4073,19,71
4074,17,64
4075,21,61
4076,18,65
4077,8,61
4078,18,64
4079,18,69
4080,24,71
4081,16,70
4082,30,70
4083,9,62
4084,28,73
4085,19,66
4086,25,66
4087,20,66
4088,27,66
4089,18,65
4090,13,67
4091,29,76
4092,19,66
4093,21,63
4094,27,71
4095,14,63
4096,24,67
4097,16,63
4098,19,66
4099,20,72
4100,11,70
4101,15,62
4102,28,69
4103,25,66
4104,20,64
4105,21,70
4106,18,67
4107,28,71
4108,19,69
4109,21,70
4110,27,70
4111,15,61
4112,29,65
4113,11,67
4114,30,70
4116,19,68
4117,9,69
4118,17,65
4119,14,68
4120,16,67
4121,19,70
4122,26,68
4123,21,69
4124,22,70
4125,13,67
4126,15,70
4127,31,74
4128,16,63
4129,30,72
4130,19,62
4131,20,71
4132,26,68
4133,28,72
4134,19,64
4135,18,64
4136,20,63
4137,22,66
4138,25,71
4139,20,70
4140,24,67
4141,30,73
4142,22,64
4143,22,65
4144,11,62
4145,4,64
4146,22,67
4147,19,74
4148,17,63
4149,21,64
4150,20,64
4151,27,70
4152,21,71
4153,16,63
4155,19,65
4156,23,70
4157,17,65
4158,16,68
4159,21,72
4160,20,67
4161,23,65
4162,18,66
4163,9,67
4164,17,65
4165,25,68
4166,18,68
4167,19,69
4168,26,71
4169,16,64
4171,19,64
4172,17,67
4173,14,70
4174,19,66
4175,23,70
4176,20,70
4177,22,64
4178,31,71
4179,18,63
4180,22,72
4181,17,72
4182,15,61
4183,16,63
4184,17,67
4185,22,67
4186,34,65
4187,16,64
4188,18,69
4189,20,65
4190,22,71
4191,22,70
4192,28,98
4193,5,65
4194,6,63
4195,17,61
4196,27,67
4197,11,64
4198,2,65
4199,23,73
4200,21,69
4201,13,67
4202,14,63
4203,14,67
4204,21,66
4205,16,64
4206,23,68
4207,3,61
4208,15,66
4209,13,65
4210,18,65
4211,17,67
4212,25,68
4213,9,63
4214,20,70
4215,23,68
4216,31,69
4217,17,67
4218,22,69
4219,9,65
4220,6,61
4221,25,65
4222,20,67
4223,27,66
4224,12,69
4225,23,71
4226,31,68
4227,23,65
4228,22,64
4229,20,68
4230,11,64
4231,28,71
4232,16,70
4233,23,68
4234,11,63
4235,13,61
4236,29,66
4237,18,75
4238,29,71
4239,20,69
4240,9,62
4241,25,65
4242,16,61
4243,24,69
4244,20,66
4245,11,64
4246,21,69
4247,33,78
4248,23,68
4250,26,68
4251,21,68
4252,21,69
4253,13,68
4254,21,80
4255,26,67
4256,15,64
4257,29,64
4258,19,68
4259,15,67
4260,26,65
4261,18,66
4262,25,67
4263,18,64
4264,20,66
4265,23,63
4266,22,71
4267,8,62
4268,13,64
4269,26,72
4270,19,65
4271,17,67
4272,12,65
4273,14,63
4274,8,65
4275,19,67
4276,16,67
4277,14,65
4278,20,64
4279,22,64
4280,33,69
4281,11,60
4282,27,70
4283,26,66
4284,15,66
4285,21,68
4287,21,70
4288,29,72
4289,24,64
4291,17,67
4292,11,64
4293,19,64
4294,27,72
4295,11,66
4296,14,68
4297,21,95
4298,14,64
4299,15,64
4300,17,68
4301,12,67
4302,14,67
4303,24,71
4304,12,63
4305,10,66
4306,16,65
4307,24,68
4308,19,68
4309,17,62
4310,20,67
4311,10,65
4312,23,71
4313,22,71
4314,18,61
4315,26,70
4316,13,60
4317,27,70
4318,21,67
4319,18,66
4320,20,63
4321,19,65
4322,27,75
4323,14,66
4324,15,61
4325,26,65
4326,16,61
4327,25,73
4328,30,73
4329,18,63
4330,24,67
4331,13,62
4332,25,71
4333,21,70
4334,23,70
4335,16,69
4336,10,66
4337,23,72
4338,8,63
4339,18,65
4340,26,71
4341,21,66
4342,32,69
4343,26,62
4344,16,66
4345,20,66
4346,20,64
4348,14,68
4349,17,68
4350,8,67
4351,20,67
4352,19,68
4353,10,65
4354,22,74
4355,24,85
4356,21,64
4357,18,67
4358,24,68
4359,24,67
4360,22,65
4361,15,63
4362,22,64
4363,27,62
4364,16,68
4365,33,75
4366,17,63
4367,20,68
4368,16,63
4369,21,68
4370,10,62
4371,17,67
4372,13,66
4373,21,65
4374,26,69
4376,6,64
4377,32,75
4378,22,66
4379,15,62
4380,21,70
4381,21,68
4382,16,66
4383,21,65
4384,16,68
4385,18,68
4386,16,62
4387,11,66
4388,21,68
4389,24,69
4390,23,67
4391,25,74
4392,22,61
4393,17,64
4394,25,69
4395,12,66
4396,15,61
4397,14,71
4398,26,71
4399,26,69
4400,23,66
4401,26,64
4402,15,68
4403,22,71
4404,19,66
4405,25,94
4406,19,68
4407,18,66
4408,23,70
4409,25,68
4411,20,64
4412,14,69
4413,5,59
4414,21,70
4415,24,72
4416,22,64
4417,8,63
4418,18,67
4419,7,62
4420,28,69
4421,13,66
4422,28,66
4423,26,63
4424,15,62
4425,13,58
4426,22,67
4427,15,68
4428,21,67
4429,17,67
4430,9,62
4431,7,66
4432,21,65
4433,17,67
4434,17,69
4435,24,67
4436,27,69
4437,18,62
4438,18,67
4439,23,63
4440,12,65
4441,21,66
4442,23,71
4443,24,70
4444,8,68
4445,15,67
4446,15,71
4447,21,65
4448,23,64
4449,29,69
4450,17,68
4451,17,67
4452,27,71
4453,22,64
4454,28,69
4455,22,68
4456,13,69
4457,12,67
4458,11,58
4459,24,66
4460,27,69
4461,31,70
4462,25,70
4463,27,70
4464,17,66
4465,13,61
4466,25,71
4468,21,69
4469,22,65
4470,22,69
4471,28,74
4472,28,71
4473,23,68
4474,25,69
4475,23,68
4476,17,63
4477,25,68
4478,12,67
4479,26,71
4480,13,66
4481,22,69
4482,15,68
4483,23,63
4484,20,69
4485,10,66
4486,23,71
4487,17,68
4488,25,69
4489,20,65
4490,22,68
4491,14,67
4492,16,65
4493,17,65
4494,25,64
4495,30,69
4496,15,64
4497,26,66
4498,7,65
4499,13,69
4500,14,66
4501,12,64
4502,10,61
4503,22,72
4504,19,67
4505,22,63
4506,24,69
4507,22,70
4508,24,71
4509,20,60
4510,13,70
4511,26,69
4512,16,63
4513,14,69
4514,19,71
4515,15,68
4516,17,64
4517,22,68
4518,22,69
4519,15,65
4520,17,68
4521,26,74
4522,23,72
4523,32,67
4524,27,73
4525,27,68
4526,12,61
4527,25,70
4528,20,62
4529,17,67
4530,21,69
4531,26,93
4532,23,68
4533,15,69
4534,24,68
4535,16,64
4536,21,69
4537,18,66
4538,19,68
4539,25,72
4540,14,63
4541,32,73
4542,9,65
4543,16,65
4544,22,68
4545,24,70
4546,19,65
4547,20,66
4548,22,66
4550,28,69
4551,25,69
4552,25,64
4553,14,66
4554,20,63
4555,18,68
4556,14,68
4557,22,65
4558,17,69
4559,24,66
4561,30,72
4562,15,67
4563,21,67
4564,25,68
4565,17,71
4566,25,73
4567,13,68
4568,29,69
4569,20,69
4570,16,63
4571,18,62
4572,25,70
4573,16,66
4574,16,62
4575,19,64
4576,13,63
4577,31,71
4578,17,67
4579,25,67
4580,21,67
4581,14,71
4582,20,69
4583,25,93
4584,19,72
4585,27,71
4586,26,63
4587,26,65
4588,17,61
4589,14,66
4590,16,61
4591,21,67
4592,23,64
4593,7,69
4595,21,70
4596,18,73
4597,28,63
4598,23,68
4599,28,64
4600,19,69
4601,26,69
4602,30,67
4603,28,69
4604,13,62
4605,18,66
4606,18,68
4607,23,71
4608,24,66
4609,15,62
4610,20,68
4611,8,59
4612,29,70
4613,17,66
4614,20,65
4615,18,66
4616,27,73
4617,3,65
4618,20,65
4620,17,69
4621,30,74
4622,15,68
4623,25,65
4624,22,72
4625,28,71
4626,16,69
4627,16,67
4628,27,71
4629,23,68
4631,17,69
4632,22,68
4633,25,73
4634,16,69
4635,3,58
4636,23,65
4637,13,63
4639,3,58
4640,25,66
4641,21,67
4642,19,67
4643,28,67
4644,24,65
4645,30,71
4646,12,66
4647,20,68
4648,10,65
4649,19,71
4650,19,64
4651,24,72
4652,20,69
4653,24,70
4654,24,66
4655,33,70
4656,18,62
4657,14,66
4658,21,70
4659,15,63
4660,29,73
4661,18,70
4662,17,71
4663,17,65
4664,24,64
4665,19,66
4666,16,82
4667,30,68
4668,15,67
4669,20,68
4670,24,69
4671,10,63
4672,23,66
4673,14,68
4674,25,71
4675,14,69
4676,24,70
4677,27,70
4678,25,73
4679,22,68
4680,19,65
4681,17,72
4682,29,67
4683,16,68
4684,14,69
4685,24,70
4686,15,69
4687,14,68
4688,11,65
4689,17,70
4690,20,65
4691,21,61
4692,26,69
4693,23,67
4694,19,65
4695,19,63
4696,23,67
4697,28,76
4698,21,70
4699,17,67
4700,14,66
4701,11,65
4702,24,65
4703,23,63
4705,19,72
4706,28,68
4707,17,62
4708,26,65
4709,20,69
4710,16,61
4711,24,67
4712,22,66
4713,22,70
4714,20,72
4715,20,69
4716,34,68
4717,27,74
4718,24,70
4719,21,67
4720,26,68
4721,23,69
4722,20,66
4723,18,66
4724,20,68
4725,1,60
4726,21,69
4727,17,66
4728,30,77
4729,20,63
4730,13,66
4731,20,64
4732,14,63
4733,23,68
4734,22,65
4735,26,65
4737,20,68
4738,12,62
4739,24,67
4740,23,73
4741,23,69
4742,20,65
4743,22,66
4744,30,73
4745,18,72
4746,21,72
4747,13,61
4748,15,69
4749,21,66
4750,27,74
4751,18,64
4752,19,66
4753,18,64
4754,17,66
4755,22,72
4756,11,71
4757,28,70
4758,16,67
4759,24,71
4760,12,63
4761,24,64
4762,24,64
4763,22,65
4764,14,65
4765,21,62
4766,13,65
4767,18,64
4768,26,74
4769,25,67
4770,20,66
4771,14,70
4772,24,68
4774,6,58
4775,25,65
4776,20,68
4777,27,64
4778,13,66
4779,1,92
4780,22,69
4781,22,68
4782,10,63
4783,14,64
4784,37,68
4785,18,67
4786,24,68
4788,7,66
4789,19,68
4790,18,64
4791,18,63
4792,19,62
4793,22,66
4794,19,65
4795,12,66
4796,23,66
4797,8,69
4798,8,67
4799,24,75
4800,23,73
4801,20,66
4802,12,61
4803,16,68
4804,18,67
4805,10,66
4806,16,69
4807,24,69
4808,29,67
4809,17,65
4810,25,63
4811,9,63
4812,24,66
4813,15,66
4814,22,69
4815,19,72
4816,28,70
4817,15,68
4818,24,66
4819,18,67
4820,19,68
4821,19,62
4822,15,64
4823,20,71
4824,20,65
4825,21,69
4826,21,65
4827,25,71
4828,26,69
4829,14,65
4830,25,66
4831,13,68
4832,24,72
4833,24,74
4834,9,64
4835,21,64
4836,17,63
4837,15,66
4838,28,67
4839,16,64
4840,15,62
4842,24,71
4843,19,63
4844,27,72
4845,23,71
4846,7,61
4847,17,71
4848,17,69
4850,4,61
4851,35,68
4852,23,67
4853,21,70
4854,27,69
4855,34,72
4856,25,66
4857,26,67
4858,21,70
4859,19,68
4860,17,68
4861,15,65
4862,16,63
4863,12,62
4864,20,66
4865,10,62
4866,21,61
4867,20,63
4869,17,64
4870,38,74
4871,28,70
4873,21,68
4874,16,69
4876,12,62
4877,23,71
4879,26,69
4880,26,68
4881,28,65
4882,15,65
4883,23,65
4884,24,72
4885,17,63
4886,15,68
4887,30,72
4888,21,66
4889,24,71
4890,15,67
4891,13,61
4892,17,70
4894,14,64
4895,20,68
4896,10,70
4897,13,65
4898,24,67
4899,24,65
4900,18,65
4901,14,65
4902,14,66
4903,18,62
4904,24,63
4905,26,63
4906,17,70
4907,13,67
4908,22,66
4909,15,63
4910,17,66
4911,28,67
4912,25,68
4913,21,67
4914,12,66
4915,21,71
4916,26,69
4917,18,72
4918,28,70
4919,28,68
4920,30,68
4921,22,67
4922,24,62
4923,28,67
4924,23,69
4925,17,64
4926,17,66
4927,21,69
4928,12,70
4929,19,69
4930,27,72
4931,7,61
4932,29,68
4933,27,68
4934,17,66
4935,23,65
4936,20,66
4937,27,67
4938,26,68
4939,12,67
4940,24,63
4941,19,64
4942,20,66
4943,16,69
4944,30,70
4945,26,72
4947,12,63
4948,18,68
4949,23,67
4950,21,69
4951,28,65
4952,25,69
4953,26,71
4954,22,67
4955,12,64
4956,19,68
4957,26,67
4958,20,62
4959,23,68
4960,18,72
4961,14,61
4962,19,67
4963,22,70
4964,16,59
4965,19,70
4966,14,60
4967,27,74
4968,18,68
4969,29,67
4970,29,67
4972,14,63
4973,7,62
4974,11,64
4975,12,68
4976,28,65
4977,21,71
4978,22,68
4979,7,62
4980,13,68
4981,25,68
4982,22,67
4983,19,67
4984,23,70
4985,30,69
4986,19,70
4987,20,69
4988,21,70
4990,7,59
4991,24,64
4992,19,72
4993,23,70
4994,16,63
4995,20,66
4996,24,72
4998,25,71
4999,15,62
5000,17,62
5001,17,64
5002,9,65
5003,18,68
5004,24,67
5005,12,61
5006,26,68
5007,23,68
5008,16,62
5009,19,62
5010,30,74
5011,24,68
5012,20,66
5014,20,65
5015,17,66
5016,7,67
5017,32,76
5018,21,66
5019,22,68
5020,20,63
5021,16,65
5022,19,63
5023,10,59
5024,34,74
5025,13,62
5026,14,59
5027,17,71
5028,28,73
5029,20,68
5030,13,68
5031,28,66
5032,24,69
5033,23,70
5034,24,74
5035,34,75
5036,33,71
5037,16,71
5038,30,65
5039,22,65
5040,23,65
5041,10,67
5043,15,67
5044,25,71
5045,26,72
5046,8,62
5047,20,70
5048,27,72
5049,19,64
5050,24,66
5051,22,69
5052,22,71
5053,18,68
5054,13,63
5055,13,71
5057,20,66
5058,19,68
5059,17,61
5060,18,71
5061,26,70
5062,18,66
5063,12,61
5064,24,67
5065,19,72
5066,20,65
5067,30,68
5068,20,70
5069,22,63
5070,13,69
5071,19,62
5072,24,71
5073,11,64
5074,21,69
5075,21,71
5076,20,63
5077,26,72
5078,22,66
5079,29,69
5080,14,60
5081,21,68
5082,21,65
5083,14,67
5084,26,66
5085,34,68
5086,20,63
5087,23,73
5088,21,66
5089,16,67
5090,9,66
5091,16,60
5092,12,67
5093,30,67
5094,19,70
5095,18,69
5096,25,68
5097,13,67
5098,15,63
5099,20,70
5100,26,71
5101,23,67
5102,21,64
5103,20,66
5104,22,70
5105,21,65
5106,14,68
5107,20,65
5108,14,65
5109,20,69
5110,17,63
5111,35,70
5112,20,64
5113,12,62
5115,23,73
5116,30,72
5117,16,68
5118,11,62
5120,12,62
5121,17,72
5122,18,67
5123,20,68
5124,24,65
5125,16,79
5126,18,66
5127,20,68
5128,21,65
5129,21,67
5130,23,67
5132,22,68
5133,23,72
5134,11,65
5135,20,65
5136,23,70
5138,16,68
5139,16,63
5140,17,68
5141,23,69
5142,26,66
5143,18,64
5144,25,69
5145,21,62
5146,19,65
5147,19,70
5148,24,72
5149,22,66
5150,34,70
5151,15,67
5152,23,65
5153,17,68
5154,15,62
5155,20,68
5156,21,69
5157,38,72
5158,19,65
5159,13,63
5160,22,68
5161,8,62
5162,19,69
5163,20,65
5164,25,74
5165,26,70
5166,17,65
5167,19,70
5168,15,59
5169,13,63
5170,22,64
5171,12,63
5172,18,67
5173,14,65
5174,23,67
5176,12,64
5177,9,65
5178,19,72
5179,20,72
5180,21,66
5181,17,62
5182,19,68
5183,22,67
5184,26,69
5185,8,67
5186,18,63
5187,21,65
5188,14,71
5189,30,70
5190,16,68
5191,20,65
5192,23,68
5193,16,69
5194,9,62
5195,17,62
5196,26,72
5197,18,64
5198,15,58
5199,26,66
5200,18,64
5201,17,68
5202,21,69
5203,25,71
5204,34,71
5205,25,67
5206,27,71
5208,14,62
5209,20,70
5210,21,63
5211,14,66
5212,19,65
5213,22,69
5214,22,63
5215,23,64
5216,22,66
5217,17,67
5218,17,66
5219,13,65
5220,31,72
5221,20,70
5222,19,67
5224,38,72
5225,14,65
5226,17,62
5227,22,67
5228,24,64
5230,31,72
5231,23,66
5232,14,70
5233,18,66
5234,22,70
5235,32,67
5236,12,64
5238,21,72
5239,25,72
5240,19,68
5241,15,64
5242,25,66
5243,24,68
5244,26,66
5245,20,70
5246,16,70
5248,25,69
5249,23,69
5250,14,66
5251,17,68
5252,17,71
5253,11,64
5254,15,67
5255,13,68
5257,16,68
5258,10,69
5259,32,71
5260,28,68
5261,15,65
5262,22,63
5263,23,65
5264,27,72
5265,15,67
5266,27,69
5267,17,67
5268,12,64
5269,24,62
5270,28,71
5272,13,64
5273,24,69
5274,18,65
5275,25,73
5276,11,64
5277,12,64
5278,15,70
5279,20,70
5280,16,64
5281,24,64
5282,26,66
5283,24,66
5284,30,74
5285,22,69
5286,13,67
5287,28,73
5288,16,66
5289,25,67
5290,29,75
5291,23,73
5292,11,67
5293,14,65
5294,28,71
5295,19,63
5296,20,68
5297,25,72
5298,24,67
5299,22,71
5300,19,67
5301,18,66
5302,25,72
5303,23,64
5304,18,68
5305,26,65
5306,19,74
5307,15,65
5308,15,63
5309,14,65
5310,18,70
5311,27,71
5312,15,66
5313,21,69
5314,16,67
5315,18,64
5316,11,67
5317,19,67
5318,19,70
5319,23,71
5320,21,68
5321,13,65
5322,27,70
5324,21,67
5325,20,63
5326,17,65
5327,21,70
5328,23,67
5329,10,60
5330,17,64
5331,18,65
5332,22,64
5333,27,67
5334,15,71
5335,17,69
5336,17,70
5337,15,69
5338,18,69
5340,14,63
5341,23,67
5342,10,66
5343,17,69
5344,18,69
5346,18,72
5347,7,65
5348,8,63
5349,20,69
5350,24,69
5351,22,64
5352,21,69
5353,27,72
5354,17,62
5355,25,66
5356,10,65
5357,15,69
5358,9,65
5359,18,67
5360,20,63
5361,21,66
5362,20,61
5364,19,64
5365,11,65
5366,28,68
5367,18,69
5368,17,61
5369,30,72
5370,13,61
5371,13,66
5372,13,60
5373,20,69
5374,23,72
5375,24,69
5376,35,71
5377,7,64
5378,24,71
5379,17,64
5380,16,67
5381,16,67
5382,15,66
5383,30,73
5384,25,73
5385,20,70
5386,28,70
5387,11,62
5388,12,68
5389,7,65
5390,16,73
5392,21,66
5393,21,64
5394,12,63
5395,25,62
5396,21,70
5397,24,65
5398,9,64
5399,22,70
5400,13,62
5401,18,67
5402,23,66
5403,21,74
5404,15,69
5405,20,70
5406,11,68
5408,19,71
5409,27,73
5410,17,69
5411,17,61
5412,15,68
5413,25,66
5414,16,67
5415,24,64
5416,18,67
5417,8,61
5418,17,65
5419,13,62
5420,20,69
5421,13,61
5422,26,69
5423,19,64
5424,19,65
5425,24,64
5426,26,68
5427,20,67
5428,15,68
5429,9,61
5430,16,69
5431,16,64
5432,21,74
5433,18,66
5434,24,68
5435,16,65
5436,20,66
5437,27,66
5438,22,65
5439,20,67
5440,16,65
5441,16,63
5442,15,67
5443,17,70
5444,25,68
5445,19,66
5446,12,67
5447,31,72
5448,22,68
5449,12,66
5450,17,62
5451,21,65
5452,30,67
5453,13,62
5454,26,66
5455,28,67
5456,16,68
5457,18,66
5458,14,68
5459,19,62
5461,24,68
5462,27,71
5463,16,63
5464,8,62
5465,20,69
5466,22,62
5467,21,71
5468,18,69
5469,21,66
5470,29,64
5471,22,65
5472,18,68
5473,17,69
5474,19,68
5475,30,71
5476,19,66
5477,20,65
5479,27,72
5480,32,75
5481,23,67
5482,20,67
5483,20,70
5484,6,64
5485,24,65
5486,21,68
5487,23,67
5488,16,66
5489,18,69
5490,18,64
5491,26,68
5492,18,68
5493,32,65
5494,23,65
5495,12,65
5496,19,67
5497,16,63
5498,7,62
5499,30,73
5500,24,72
5501,23,71
5502,21,67
5503,12,66
5504,17,68
5505,25,70
5506,14,66
5507,5,56
5508,19,71
5509,19,64
5510,21,65
5511,24,70
5512,24,70
5513,22,71
5514,27,70
5515,11,62
5516,23,72
5517,24,62
5518,13,67
5519,11,58
5520,16,69
5521,16,60
5522,25,72
5523,16,66
5524,15,66
5525,16,69
5526,27,70
5527,20,70
5528,19,70
5529,19,67
5530,28,67
5531,16,59
5533,21,65
5534,19,68
5535,35,71
5536,14,61
5537,18,63
5538,13,67
5539,26,69
5540,30,70
5541,30,69
5542,27,66
5543,19,70
5544,18,67
5545,10,61
5546,32,74
5547,23,70
5548,17,66
5549,28,73
5550,14,62
5551,22,65
5552,19,62
5553,24,64
5554,20,63
5555,11,69
5556,20,63
5557,26,67
5558,20,65
5559,25,71
5560,14,71
5561,20,69
5562,16,71
5563,24,68
5564,20,70
5565,24,71
5566,27,68
5567,24,69
5568,22,71
5569,14,63
5570,20,66
5571,17,67
5572,18,71
5573,18,59
5574,14,67
5575,8,66
5576,16,72
5577,21,70
5578,12,68
5579,20,63
5580,31,69
5581,26,67
5582,30,75
5583,22,67
5584,27,74
5585,16,66
5586,16,65
5587,4,60
5588,27,63
5589,29,69
5590,17,64
5591,18,68
5593,22,65
5594,27,74
5595,10,65
5596,22,61
5597,18,66
5598,21,67
5599,23,66
5600,19,69
5601,19,65
5602,19,65
5603,26,66
5604,23,73
5605,21,64
5606,12,67
5607,18,67
5608,25,68
5609,20,71
5610,24,64
5611,31,67
5612,26,68
5613,21,67
5614,17,70
5615,5,64
5616,19,63
5617,18,71
5618,22,64
5619,19,70
5620,18,70
5621,9,67
5622,14,62
5623,23,69
5624,30,69
5625,19,62
5626,22,70
5627,26,66
5628,15,69
5629,22,65
5630,16,66
5631,25,69
5632,21,66
5633,22,65
5634,15,66
5636,33,72
5637,14,62
5638,18,64
5639,21,61
5640,25,70
5641,17,67
5642,3,66
5643,28,66
5644,25,68
5645,10,67
5646,16,65
5647,29,70
5648,29,69
5649,26,68
5650,19,61
5651,20,65
5652,19,71
5653,27,66
5654,15,62
5655,15,61
5656,26,67
5657,20,66
5658,28,71
5659,16,62
5660,20,67
5661,14,64
5662,20,68
5663,11,67
5664,17,63
5665,11,70
5666,24,67
5667,24,71
5668,10,62
5669,28,75
5670,35,72
5671,20,73
5672,16,64
5673,37,73
5674,12,66
5675,20,69
5676,21,70
5677,28,70
5678,22,71
5679,17,64
5680,14,71
5681,18,63
5682,14,68
5683,20,71
5684,17,65
5685,11,66
5686,28,72
5687,17,65
5688,12,60
5689,19,67
5690,20,65
5691,10,64
5692,22,72
5693,14,62
5694,30,67
5695,23,67
5696,18,69
5697,16,65
5698,19,62
5699,24,69
5700,20,72
5701,19,63
5702,20,64
5703,16,67
5704,18,70
5705,7,64
5706,26,69
5707,22,72
5708,15,69
5709,31,75
5710,21,67
5711,14,67
5713,22,64
5714,22,68
5715,17,66
5716,23,69
5717,18,65
5718,23,70
5719,9,57
5720,17,69
5721,30,70
5722,15,63
5723,16,66
5726,7,64
5727,19,62
5728,21,71
5729,20,64
5730,19,72
5731,20,64
5732,26,71
5733,19,68
5734,17,68
5735,18,68
5736,23,69
5737,28,67
5738,16,66
5739,21,65
5740,22,63
5741,14,62
5742,20,67
5743,11,65
5745,22,66
5746,18,64
5747,21,67
5748,20,67
5749,14,61
5750,20,66
5751,13,66
5752,28,67
5753,12,64
5754,19,64
5755,14,67
5756,23,68
5757,18,64
5758,17,63
5759,25,68
5760,20,64
5761,23,70
5762,14,64
5763,12,59
5764,21,71
5765,18,67
5766,24,73
5767,20,66
5768,21,73
5769,10,62
5770,31,69
5771,19,66
5772,24,68
5773,15,65
5774,22,67
5775,12,64
5776,23,67
5777,18,66
5778,20,68
5779,24,68
5780,13,64
5781,16,63
5782,23,72
5783,33,75
5784,19,71
5785,24,71
5786,19,66
5787,32,71
5788,10,61
5789,21,65
5790,10,58
5791,5,62
5792,22,69
5793,21,65
5794,18,69
5795,19,68
5796,39,70
5797,18,72
5798,23,66
5799,16,68
5800,22,67
5801,19,61
5802,18,64
5803,31,74
5804,27,64
5805,21,64
5806,6,61
5807,18,71
5808,36,72
5809,19,68
5810,27,69
5811,29,74
5812,21,70
5813,15,69
5814,5,64
5815,24,71
5816,15,65
5817,21,71
5819,18,66
5820,20,64
5822,13,61
5823,27,71
5824,16,65
5825,10,59
5826,19,63
5827,20,64
5828,21,63
5829,28,70
5830,19,70
5831,19,72
5832,13,65
5833,25,71
5834,21,70
5835,17,66
5836,9,64
5837,29,64
5838,13,59
5839,16,65
5840,22,66
5841,13,67
5842,11,62
5843,7,65
5845,17,70
5846,38,75
5847,14,66
5848,14,65
5849,17,64
5850,21,70
5851,17,71
5852,24,68
5853,14,64
5854,12,67
5855,9,65
5856,7,62
5857,17,68
5858,18,66
5859,16,69
5860,27,68
5861,27,71
5862,18,68
5863,9,64
5864,17,66
5865,16,70
5866,16,60
5867,16,69
5868,16,65
5869,18,66
5870,16,64
5871,21,71
5872,22,66
5873,15,66
5874,28,68
5875,14,63
5876,10,66
5877,22,61
5878,15,70
5879,22,68
5880,6,65
5881,28,69
5882,24,67
5883,11,62
5884,11,61
5886,16,65
5887,15,65
5888,6,66
5889,18,66
5890,19,69
5891,24,70
5892,12,63
5893,11,64
5894,23,65
5895,26,71
5896,11,61
5897,26,69
5898,20,69
5899,27,66
5900,20,72
5901,5,60
5902,19,62
5903,26,66
5904,15,69
5905,18,69
5906,19,71
5907,3,57
5908,30,72
5909,15,66
5910,23,66
5911,19,70
5912,28,67
5913,22,65
5914,19,63
5915,15,68
5916,25,63
5917,9,63
5918,24,68
5919,13,60
5920,28,67
5921,21,65
5922,24,68
5923,20,62
5924,9,65
5925,15,66
5926,24,67
5927,21,60
5928,27,74
5929,22,62
5930,14,61
5931,15,63
5932,21,66
5933,6,65
5934,30,72
5935,23,70
5936,27,71
5937,11,64
5938,27,70
5939,33,68
5940,12,61
5941,25,68
5942,20,64
5943,11,64
5944,23,71
5945,25,72
5946,16,66
5947,27,74
5948,10,65
5949,11,64
5950,21,69
5951,20,62
5952,16,62
5953,25,72
5954,23,73
5955,25,64
5956,19,65
5957,24,70
5958,17,66
5959,32,70
5960,15,63
5961,33,69
5962,20,64
5963,12,63
5964,28,66
5965,21,68
5966,25,97
5967,27,67
5968,22,71
5969,16,66
5970,26,72
5971,20,70
5972,24,69
5973,7,66
5974,23,69
5975,16,65
5976,30,75
5977,24,70
5978,21,70
5979,23,69
5980,14,68
5981,30,73
5982,32,74
5983,22,66
5984,30,74
5985,17,67
5986,15,67
5987,20,70
5988,23,67
5989,18,80
5990,23,70
5991,22,71
5992,14,64
5993,23,68
5994,25,68
5995,21,69
5996,27,72
5997,13,65
5998,23,64
5999,13,64
6000,13,58
6001,16,69
6002,14,61
6003,17,68
6004,19,66
6005,25,68
6006,18,70
6007,10,62
6008,27,71
6009,15,61
6010,20,64
6011,23,65
6012,21,63
6013,27,74
6014,23,68
6015,15,65
6016,33,66
6017,21,69
6018,19,69
6019,26,70
6020,21,70
6021,22,71
6022,35,72
6023,18,61
6024,18,68
6025,21,66
6026,26,70
6027,11,63
6029,16,62
6030,10,69
6031,17,69
6032,23,72
6033,15,64
6034,11,63
6035,20,70
6036,25,69
6037,10,61
6038,25,70
6039,25,64
6040,26,76
6041,27,73
6043,18,69
6044,21,72
6045,18,66
6046,20,70
6047,29,73
6048,12,68
6049,15,66
6050,28,67
6051,26,67
6052,18,62
6053,25,72
6054,22,65
6055,29,69
6056,20,69
6057,26,69
6058,36,69
6059,24,69
6060,20,70
6061,24,67
6062,18,69
6063,34,75
6064,21,66
6065,18,63
6066,15,64
6067,27,66
6068,25,72
6069,17,71
6070,23,70
6071,11,67
6072,21,65
6073,23,65
6074,30,73
6075,15,66
6076,12,62
6077,15,71
6078,12,66
6079,28,65
6080,29,75
6081,22,74
6082,27,65
6083,21,71
6084,19,65
6085,18,65
6086,18,67
6087,11,67
6088,22,66
6089,20,67
6090,24,66
6091,21,65
6092,19,59
6093,15,69
6094,20,63
6095,24,65
6096,13,61
6097,21,68
6098,21,65
6100,16,69
6101,21,72
6102,13,59
6103,22,63
6104,15,69
6105,26,67
6106,34,70
6107,15,67
6108,23,66
6109,16,68
6110,26,71
6111,12,69
6113,15,66
6114,19,66
6115,14,67
6116,25,74
6117,15,66
6118,23,72
6119,18,69
6120,19,68
6121,21,71
6122,15,61
6123,21,65
6124,29,71
6125,15,59
6126,27,71
6127,29,72
6128,15,71
6129,11,61
6130,22,67
6131,17,67
6132,31,74
6133,20,66
6134,15,63
6135,13,63
6136,27,68
6137,17,65
6138,20,66
6140,17,67
6141,20,70
6142,20,65
6143,24,68
6144,24,70
6145,19,66
6146,20,69
6147,18,65
6148,11,68
6149,22,65
6150,31,70
6151,15,65
6152,15,67
6153,15,64
6154,24,68
6155,23,70
6156,19,64
6157,14,67
6158,21,68
6159,11,67
6160,21,66
6161,25,66
6162,12,66
6163,11,67
6164,29,69
6165,16,65
6166,27,68
6167,19,67
6168,19,69
6169,23,64
6170,15,67
6171,21,67
6172,18,67
6173,12,67
6174,22,68
6175,18,65
6176,19,70
6177,13,68
6178,30,72
6179,25,67
6180,26,66
6181,18,68
6183,32,75
6184,20,66
6185,16,67
6186,23,71
6187,27,68
6188,20,65
6189,28,67
6190,26,66
6191,14,60
6192,16,64
6194,4,64
6195,19,66
6196,11,72
6197,17,60
6198,18,69
6199,18,62
6200,17,70
6201,13,65
6202,34,77
6203,31,71
6204,13,66
6205,29,74
6206,18,70
6207,21,69
6208,20,64
6209,16,69
6210,26,68
6211,21,63
6212,17,61
6213,12,61
6214,15,65
6215,10,65
6216,20,69
6217,13,69
6218,18,65
6219,28,72
6220,27,69
6221,20,71
6222,19,67
6223,31,72
6224,23,70
6225,18,68
6226,11,66
6227,22,68
6228,25,71
6230,22,70
6231,18,65
6232,19,70
6233,5,65
6234,19,68
6235,26,69
6236,16,66
6237,20,62
6238,15,70
6239,22,65
6240,19,71
6241,14,68
6242,28,65
6243,26,70
6244,16,69
6245,23,66
6247,24,67
6248,10,63
6249,26,70
6250,17,65
6251,18,70
6252,36,74
6254,18,68
6255,7,64
6256,28,73
6257,12,66
6258,14,65
6259,18,66
6260,28,67
6261,25,67
6263,22,69
6264,16,69
6265,21,68
6266,20,64
6267,26,70
6268,26,67
6269,23,68
6270,18,67
6271,24,73
6272,19,65
6273,14,69
6274,18,63
6275,21,68
6276,25,64
6277,19,68
6278,13,66
6279,20,65
6280,21,69
6281,21,69
6282,26,64
6283,26,74
6284,16,64
6285,16,63
6286,14,64
6287,24,71
6288,29,68
6289,18,72
6290,19,67
6291,29,64
6292,23,70
6293,23,65
6294,13,69
6295,24,65
6296,14,66
6297,13,67
6298,18,68
6299,16,65
6300,19,68
6301,11,63
6302,26,71
6303,27,71
6304,8,65
6305,26,65
6306,15,61
6307,25,68
6308,20,65
6309,20,66
6310,19,69
6311,27,65
6312,13,65
6313,24,70
6314,27,70
6315,24,67
6316,34,75
6317,17,65
6318,26,66
6321,20,62
6322,18,66
6324,17,64
6325,12,60
6326,17,70
6327,24,72
6328,28,67
6329,21,67
6330,28,72
6331,12,63
6332,17,60
6333,18,65
6334,19,72
6335,21,70
6336,24,71
6337,17,66
6338,21,72
6339,20,73
6340,14,71
6341,19,64
6342,19,66
6343,19,69
6344,20,66
6345,20,63
6346,17,62
6347,28,98
6348,13,71
6349,16,66
6350,37,75
6351,14,68
6352,12,69
6353,24,68
6354,8,60
6355,19,64
6356,33,71
6357,11,69
6358,8,60
6359,11,70
6360,25,66
6361,27,68
6362,17,67
6363,24,70
6364,28,69
6365,31,75
6366,19,65
6367,6,65
6368,15,66
6369,17,64
6370,18,66
6371,19,70
6372,27,63
6373,28,66
6374,19,71
6375,27,68
6376,22,68
6377,20,71
6378,25,63
6379,20,60
6380,32,73
6381,11,68
6382,17,70
6383,19,66
6384,23,72
6385,28,70
6386,20,68
6387,11,60
6388,25,68
6389,25,74
6390,8,68
6391,20,72
6392,10,69
6393,16,98
6394,15,68
6395,25,70
6396,21,69
6397,12,64
6398,25,65
6399,11,69
6400,22,67
6401,15,65
6402,18,70
6403,23,68
6404,23,65
6405,28,74
6406,20,65
6407,22,65
6408,17,68
6409,21,68
6410,23,74
6412,9,67
6413,22,64
6415,16,66
6416,12,61
6417,29,73
6418,23,70
6419,19,70
6420,13,63
6421,15,69
6422,28,72
6424,17,68
6425,23,67
6426,15,65
6428,28,68
6429,17,69
6430,16,66
6431,4,58
6433,12,67
6434,21,65
6435,18,62
6436,12,65
6437,18,69
6438,23,70
6439,23,70
6440,9,63
6441,19,69
6442,12,64
6443,25,69
6444,25,70
6445,15,64
6446,15,65
6447,17,70
6448,6,60
6449,22,68
6450,18,61
6451,26,68
6452,13,61
6453,16,64
6454,11,66
6455,14,70
6456,13,65
6457,26,74
6458,16,66
6459,21,65
6460,18,69
6462,19,69
6463,24,66
6464,13,63
6465,25,69
6466,15,65
6467,17,67
6468,23,66
6469,16,67
6470,20,65
6471,18,69
6472,21,65
6473,6,67
6474,9,66
6475,24,64
6476,26,70
6477,15,65
6478,19,65
6479,22,64
6480,24,64
6481,8,61
6482,15,65
6483,18,68
6484,24,70
6485,35,74
6486,19,60
6487,12,71
6488,22,70
6489,28,67
6490,21,68
6491,15,64
6492,26,67
6493,24,65
6495,22,72
6497,27,65
6498,20,71
6499,18,72
6500,27,70
6501,13,63
6503,12,67
6504,26,67
6505,18,62
6506,28,72
6507,23,69
6508,13,61
6509,29,67
6510,29,66
6511,25,68
6512,15,62
6513,18,63
6514,21,70
6515,16,68
6516,30,71
6517,21,65
6518,4,59
6519,22,64
6520,18,67
6521,20,68
6522,18,95
6523,25,70
6524,27,68
6525,22,65
6526,18,70
6527,20,67
6528,20,69
6529,15,68
6530,23,72
6531,23,71
6532,29,75
6533,28,70
6534,16,66
6535,25,67
6536,14,70
6537,24,71
6538,17,64
6539,14,65
6540,22,64
6541,4,62
6542,9,64
6543,19,66
6544,20,64
6545,18,71
6546,11,68
6547,15,70
6548,22,66
6549,23,71
6550,20,68
6551,27,66
6552,22,66
6553,16,65
6554,18,64
6555,12,67
6556,19,65
6557,27,69
6558,24,69
6559,28,69
6560,18,68
6561,28,67
6562,19,68
6563,29,65
6564,20,69
6565,24,73
6566,29,76
6567,19,69
6568,21,69
6569,28,68
6570,19,70
6571,12,64
6572,33,73
6573,17,64
6574,21,65
6575,27,69
6576,16,62
6577,14,64
6578,22,64
6580,18,69
6581,21,67
6582,18,65
6583,11,63
6584,30,66
6585,21,70
6586,29,70
6587,18,67
6588,15,65
6590,19,66
6591,13,66
6592,29,72
6593,16,64
6595,28,71
6597,16,70
6598,9,64
6599,30,70
6600,12,67
6601,20,65
6602,25,68
6603,23,69
6604,20,68
6605,10,68
6606,15,64
